CustomerID,Age,Segment,Region,City
C00001,36,Corporate,West,Pune
C00002,30,Consumer,North,Jaipur
C00003,29,Consumer,South,Hyderabad
C00004,29,Small Business,West,Pune
C00005,46,Consumer,East,Kolkata
C00006,38,Small Business,West,Pune
C00007,27,Consumer,South,Hyderabad
C00008,36,Consumer,West,Mumbai
C00009,34,Consumer,East,Bhubaneswar
C00010,18,Consumer,East,Patna
C00011,22,Consumer,West,Mumbai
C00012,34,Consumer,East,Patna
C00013,45,Consumer,North,Jaipur
C00014,29,Consumer,South,Chennai
C00015,27,Consumer,West,Pune
C00016,32,Consumer,East,Kolkata
C00017,26,Corporate,North,Lucknow
C00018,29,Consumer,North,Delhi
C00019,31,Consumer,East,Kolkata
C00020,22,Small Business,East,Kolkata
C00021,39,Consumer,North,Lucknow
C00022,21,Consumer,South,Bengaluru
C00023,20,Small Business,West,Mumbai
C00024,33,Corporate,North,Delhi
C00025,38,Consumer,South,Bengaluru
C00026,33,Consumer,East,Patna
C00027,30,Consumer,East,Patna
C00028,29,Consumer,South,Chennai
C00029,27,Consumer,North,Jaipur
C00030,41,Consumer,North,Delhi
C00031,34,Consumer,South,Hyderabad
C00032,28,Small Business,South,Mysuru
C00033,25,Consumer,East,Patna
C00034,37,Small Business,South,Chennai
C00035,41,Corporate,West,Mumbai
C00036,40,Consumer,West,Ahmedabad
C00037,24,Small Business,East,Patna
C00038,29,Corporate,West,Mumbai
C00039,27,Consumer,North,Jaipur
C00040,30,Consumer,East,Guwahati
C00041,39,Small Business,East,Bhubaneswar
C00042,44,Consumer,North,Jaipur
C00043,35,Corporate,South,Chennai
C00044,26,Consumer,East,Guwahati
C00045,31,Consumer,North,Jaipur
C00046,46,Consumer,South,Mysuru
C00047,32,Consumer,West,Pune
C00048,29,Consumer,West,Mumbai
C00049,30,Consumer,South,Mysuru
C00050,35,Corporate,West,Nashik
C00051,24,Small Business,East,Guwahati
C00052,27,Small Business,North,Delhi
C00053,40,Small Business,West,Ahmedabad
C00054,34,Consumer,North,Delhi
C00055,32,Small Business,North,Chandigarh
C00056,40,Small Business,South,Mysuru
C00057,25,Consumer,West,Ahmedabad
C00058,29,Consumer,South,Bengaluru
C00059,34,Consumer,North,Jaipur
C00060,34,Consumer,South,Chennai
C00061,19,Consumer,South,Bengaluru
C00062,28,Consumer,North,Chandigarh
C00063,30,Consumer,West,Pune
C00064,35,Corporate,North,Lucknow
C00065,34,Small Business,South,Bengaluru
C00066,31,Consumer,South,Bengaluru
C00067,18,Consumer,West,Nashik
C00068,31,Consumer,West,Mumbai
C00069,32,Consumer,South,Mysuru
C00070,54,Consumer,South,Chennai
C00071,30,Consumer,East,Bhubaneswar
C00072,34,Consumer,South,Chennai
C00073,42,Consumer,East,Patna
C00074,38,Corporate,East,Guwahati
C00075,44,Corporate,West,Mumbai
C00076,19,Consumer,South,Bengaluru
C00077,23,Consumer,North,Delhi
C00078,26,Consumer,South,Hyderabad
C00079,18,Corporate,West,Pune
C00080,32,Consumer,West,Mumbai
C00081,23,Small Business,West,Pune
C00082,45,Consumer,North,Delhi
C00083,24,Small Business,South,Chennai
C00084,29,Small Business,East,Bhubaneswar
C00085,39,Small Business,South,Mysuru
C00086,20,Consumer,South,Mysuru
C00087,18,Consumer,East,Bhubaneswar
C00088,33,Small Business,West,Pune
C00089,34,Consumer,East,Patna
C00090,39,Consumer,East,Guwahati
C00091,36,Small Business,East,Kolkata
C00092,34,Corporate,West,Pune
C00093,25,Consumer,East,Patna
C00094,34,Small Business,West,Mumbai
C00095,34,Consumer,South,Hyderabad
C00096,25,Consumer,East,Bhubaneswar
C00097,48,Corporate,East,Bhubaneswar
C00098,36,Consumer,North,Chandigarh
C00099,23,Consumer,South,Bengaluru
C00100,39,Corporate,East,Kolkata
C00101,40,Corporate,West,Pune
C00102,35,Consumer,West,Mumbai
C00103,29,Consumer,South,Mysuru
C00104,25,Consumer,East,Guwahati
C00105,31,Small Business,South,Mysuru
C00106,35,Corporate,West,Mumbai
C00107,32,Consumer,East,Kolkata
C00108,45,Consumer,East,Patna
C00109,37,Consumer,East,Patna
C00110,24,Consumer,East,Guwahati
C00111,22,Small Business,South,Hyderabad
C00112,36,Small Business,North,Jaipur
C00113,29,Consumer,West,Pune
C00114,38,Small Business,North,Delhi
C00115,36,Small Business,West,Nashik
C00116,31,Small Business,South,Bengaluru
C00117,24,Small Business,West,Mumbai
C00118,18,Consumer,West,Pune
C00119,33,Small Business,South,Mysuru
C00120,20,Corporate,West,Mumbai
C00121,24,Consumer,West,Pune
C00122,33,Small Business,East,Patna
C00123,32,Small Business,North,Jaipur
C00124,21,Corporate,North,Jaipur
C00125,41,Consumer,North,Chandigarh
C00126,41,Consumer,South,Chennai
C00127,36,Small Business,East,Patna
C00128,36,Small Business,West,Pune
C00129,36,Corporate,East,Kolkata
C00130,65,Corporate,West,Mumbai
C00131,40,Small Business,North,Jaipur
C00132,37,Consumer,North,Delhi
C00133,25,Consumer,South,Chennai
C00134,29,Consumer,North,Jaipur
C00135,52,Consumer,East,Patna
C00136,18,Consumer,West,Ahmedabad
C00137,27,Consumer,West,Mumbai
C00138,41,Consumer,North,Delhi
C00139,25,Corporate,West,Mumbai
C00140,38,Consumer,North,Lucknow
C00141,32,Consumer,South,Chennai
C00142,26,Corporate,South,Chennai
C00143,18,Corporate,East,Patna
C00144,33,Consumer,West,Pune
C00145,24,Consumer,East,Patna
C00146,30,Small Business,West,Pune
C00147,36,Consumer,North,Jaipur
C00148,39,Consumer,North,Jaipur
C00149,27,Consumer,East,Guwahati
C00150,26,Corporate,West,Pune
C00151,20,Small Business,West,Mumbai
C00152,40,Corporate,West,Ahmedabad
C00153,51,Consumer,South,Mysuru
C00154,41,Consumer,South,Bengaluru
C00155,43,Consumer,North,Lucknow
C00156,25,Consumer,West,Ahmedabad
C00157,35,Consumer,South,Hyderabad
C00158,38,Consumer,West,Ahmedabad
C00159,18,Consumer,East,Bhubaneswar
C00160,22,Consumer,South,Hyderabad
C00161,46,Corporate,South,Mysuru
C00162,19,Consumer,West,Mumbai
C00163,44,Consumer,North,Chandigarh
C00164,19,Small Business,South,Chennai
C00165,23,Consumer,South,Bengaluru
C00166,36,Corporate,East,Kolkata
C00167,32,Small Business,East,Bhubaneswar
C00168,28,Consumer,South,Mysuru
C00169,46,Consumer,North,Lucknow
C00170,20,Consumer,South,Hyderabad
C00171,30,Small Business,West,Mumbai
C00172,37,Small Business,East,Patna
C00173,34,Consumer,North,Delhi
C00174,26,Consumer,North,Lucknow
C00175,26,Consumer,East,Patna
C00176,39,Corporate,West,Pune
C00177,40,Corporate,North,Jaipur
C00178,34,Small Business,North,Delhi
C00179,24,Corporate,West,Nashik
C00180,26,Small Business,North,Lucknow
C00181,31,Consumer,East,Kolkata
C00182,33,Corporate,East,Bhubaneswar
C00183,36,Small Business,North,Delhi
C00184,30,Consumer,East,Kolkata
C00185,39,Consumer,South,Chennai
C00186,39,Small Business,East,Kolkata
C00187,43,Consumer,North,Lucknow
C00188,32,Small Business,West,Ahmedabad
C00189,34,Small Business,North,Chandigarh
C00190,30,Consumer,North,Chandigarh
C00191,24,Consumer,North,Jaipur
C00192,50,Consumer,South,Mysuru
C00193,42,Corporate,East,Bhubaneswar
C00194,39,Corporate,North,Chandigarh
C00195,31,Consumer,West,Ahmedabad
C00196,23,Consumer,North,Jaipur
C00197,40,Consumer,East,Patna
C00198,30,Consumer,East,Guwahati
C00199,35,Consumer,East,Bhubaneswar
C00200,26,Consumer,East,Bhubaneswar
C00201,34,Consumer,West,Ahmedabad
C00202,27,Small Business,North,Delhi
C00203,27,Consumer,South,Chennai
C00204,34,Small Business,South,Hyderabad
C00205,18,Small Business,South,Bengaluru
C00206,19,Small Business,West,Mumbai
C00207,25,Corporate,East,Kolkata
C00208,30,Consumer,East,Guwahati
C00209,39,Consumer,South,Mysuru
C00210,30,Consumer,East,Guwahati
C00211,31,Consumer,South,Hyderabad
C00212,29,Consumer,West,Pune
C00213,34,Corporate,East,Bhubaneswar
C00214,24,Consumer,South,Mysuru
C00215,31,Consumer,West,Mumbai
C00216,35,Small Business,West,Nashik
C00217,34,Consumer,South,Mysuru
C00218,32,Consumer,North,Chandigarh
C00219,32,Corporate,East,Guwahati
C00220,36,Corporate,South,Mysuru
C00221,51,Consumer,East,Patna
C00222,25,Small Business,South,Chennai
C00223,51,Consumer,East,Bhubaneswar
C00224,24,Consumer,North,Chandigarh
C00225,18,Consumer,West,Ahmedabad
C00226,27,Consumer,South,Chennai
C00227,35,Consumer,North,Lucknow
C00228,48,Small Business,West,Mumbai
C00229,23,Small Business,South,Hyderabad
C00230,36,Small Business,East,Bhubaneswar
C00231,20,Small Business,South,Bengaluru
C00232,48,Small Business,East,Guwahati
C00233,42,Small Business,North,Chandigarh
C00234,27,Consumer,East,Kolkata
C00235,18,Small Business,South,Mysuru
C00236,44,Small Business,East,Kolkata
C00237,30,Consumer,East,Guwahati
C00238,43,Consumer,West,Ahmedabad
C00239,32,Corporate,North,Chandigarh
C00240,32,Small Business,East,Bhubaneswar
C00241,27,Consumer,East,Bhubaneswar
C00242,37,Consumer,North,Chandigarh
C00243,33,Consumer,East,Kolkata
C00244,36,Corporate,East,Patna
C00245,18,Consumer,East,Bhubaneswar
C00246,43,Corporate,East,Bhubaneswar
C00247,45,Consumer,West,Nashik
C00248,33,Small Business,West,Pune
C00249,50,Small Business,East,Bhubaneswar
C00250,47,Consumer,East,Bhubaneswar
C00251,37,Corporate,West,Ahmedabad
C00252,44,Consumer,East,Patna
C00253,41,Consumer,South,Mysuru
C00254,18,Consumer,North,Lucknow
C00255,29,Consumer,East,Patna
C00256,38,Corporate,East,Patna
C00257,46,Small Business,West,Nashik
C00258,19,Small Business,West,Pune
C00259,18,Consumer,North,Jaipur
C00260,31,Small Business,West,Pune
C00261,18,Corporate,West,Mumbai
C00262,31,Consumer,South,Bengaluru
C00263,35,Consumer,South,Hyderabad
C00264,23,Consumer,South,Mysuru
C00265,31,Corporate,West,Mumbai
C00266,40,Consumer,East,Patna
C00267,27,Consumer,North,Jaipur
C00268,24,Consumer,West,Mumbai
C00269,31,Consumer,North,Delhi
C00270,22,Consumer,West,Ahmedabad
C00271,49,Consumer,East,Guwahati
C00272,32,Corporate,South,Bengaluru
C00273,25,Small Business,South,Bengaluru
C00274,33,Small Business,North,Delhi
C00275,30,Small Business,West,Ahmedabad
C00276,30,Corporate,East,Patna
C00277,27,Consumer,West,Ahmedabad
C00278,26,Consumer,West,Nashik
C00279,18,Consumer,East,Kolkata
C00280,44,Corporate,East,Patna
C00281,37,Consumer,East,Bhubaneswar
C00282,34,Consumer,East,Bhubaneswar
C00283,30,Consumer,North,Chandigarh
C00284,23,Consumer,East,Guwahati
C00285,25,Consumer,North,Lucknow
C00286,19,Consumer,South,Bengaluru
C00287,26,Consumer,North,Chandigarh
C00288,22,Small Business,South,Mysuru
C00289,47,Corporate,East,Patna
C00290,39,Consumer,West,Nashik
C00291,32,Consumer,North,Jaipur
C00292,24,Corporate,East,Bhubaneswar
C00293,22,Consumer,North,Lucknow
C00294,30,Consumer,North,Lucknow
C00295,40,Consumer,North,Delhi
C00296,49,Small Business,South,Bengaluru
C00297,19,Consumer,South,Mysuru
C00298,37,Consumer,East,Bhubaneswar
C00299,26,Consumer,East,Guwahati
C00300,27,Consumer,East,Kolkata
C00301,32,Consumer,West,Ahmedabad
C00302,24,Small Business,South,Mysuru
C00303,29,Small Business,South,Chennai
C00304,23,Small Business,North,Chandigarh
C00305,26,Consumer,North,Chandigarh
C00306,38,Corporate,North,Lucknow
C00307,32,Consumer,East,Patna
C00308,38,Consumer,North,Lucknow
C00309,26,Consumer,South,Bengaluru
C00310,37,Consumer,South,Chennai
C00311,18,Consumer,West,Mumbai
C00312,32,Consumer,South,Hyderabad
C00313,37,Consumer,East,Patna
C00314,18,Consumer,North,Delhi
C00315,26,Consumer,South,Chennai
C00316,32,Consumer,South,Chennai
C00317,41,Consumer,South,Chennai
C00318,26,Corporate,West,Mumbai
C00319,36,Consumer,North,Delhi
C00320,44,Consumer,West,Ahmedabad
C00321,37,Small Business,South,Mysuru
C00322,30,Small Business,West,Pune
C00323,35,Small Business,North,Chandigarh
C00324,26,Consumer,East,Guwahati
C00325,32,Consumer,North,Jaipur
C00326,30,Small Business,West,Ahmedabad
C00327,35,Consumer,East,Kolkata
C00328,28,Consumer,West,Nashik
C00329,35,Corporate,East,Kolkata
C00330,28,Consumer,West,Mumbai
C00331,39,Consumer,South,Chennai
C00332,29,Small Business,West,Mumbai
C00333,18,Consumer,West,Nashik
C00334,22,Consumer,South,Mysuru
C00335,32,Consumer,East,Guwahati
C00336,47,Small Business,North,Chandigarh
C00337,39,Small Business,North,Delhi
C00338,18,Corporate,West,Mumbai
C00339,18,Consumer,South,Chennai
C00340,42,Corporate,West,Mumbai
C00341,37,Small Business,South,Hyderabad
C00342,52,Corporate,West,Mumbai
C00343,27,Consumer,West,Nashik
C00344,24,Corporate,East,Guwahati
C00345,32,Corporate,North,Delhi
C00346,27,Small Business,South,Chennai
C00347,41,Consumer,North,Chandigarh
C00348,27,Small Business,West,Mumbai
C00349,29,Corporate,North,Jaipur
C00350,23,Consumer,East,Kolkata
C00351,38,Corporate,South,Hyderabad
C00352,23,Corporate,North,Jaipur
C00353,35,Consumer,West,Pune
C00354,48,Consumer,South,Chennai
C00355,18,Consumer,North,Chandigarh
C00356,45,Small Business,West,Nashik
C00357,34,Consumer,North,Chandigarh
C00358,21,Consumer,North,Chandigarh
C00359,32,Corporate,East,Kolkata
C00360,38,Small Business,West,Nashik
C00361,24,Consumer,North,Lucknow
C00362,36,Consumer,West,Pune
C00363,46,Small Business,South,Bengaluru
C00364,27,Small Business,North,Delhi
C00365,23,Small Business,South,Mysuru
C00366,30,Small Business,East,Patna
C00367,32,Consumer,South,Mysuru
C00368,41,Consumer,East,Kolkata
C00369,30,Small Business,East,Patna
C00370,28,Consumer,East,Patna
C00371,22,Consumer,North,Delhi
C00372,18,Small Business,South,Chennai
C00373,20,Corporate,East,Guwahati
C00374,20,Consumer,North,Chandigarh
C00375,29,Consumer,West,Nashik
C00376,18,Consumer,West,Ahmedabad
C00377,18,Small Business,North,Lucknow
C00378,31,Consumer,West,Nashik
C00379,48,Consumer,West,Nashik
C00380,42,Corporate,East,Kolkata
C00381,29,Consumer,South,Chennai
C00382,22,Small Business,East,Guwahati
C00383,55,Consumer,West,Mumbai
C00384,32,Corporate,North,Jaipur
C00385,33,Consumer,North,Chandigarh
C00386,30,Consumer,East,Kolkata
C00387,31,Consumer,West,Mumbai
C00388,27,Consumer,South,Chennai
C00389,29,Consumer,West,Nashik
C00390,45,Consumer,West,Mumbai
C00391,43,Consumer,West,Nashik
C00392,18,Consumer,West,Mumbai
C00393,19,Corporate,East,Patna
C00394,24,Consumer,North,Chandigarh
C00395,40,Consumer,East,Guwahati
C00396,43,Consumer,South,Mysuru
C00397,38,Consumer,South,Mysuru
C00398,21,Consumer,South,Hyderabad
C00399,27,Corporate,West,Ahmedabad
C00400,36,Consumer,East,Patna
C00401,29,Corporate,North,Delhi
C00402,28,Small Business,North,Lucknow
C00403,28,Corporate,East,Bhubaneswar
C00404,42,Consumer,East,Guwahati
C00405,37,Consumer,North,Lucknow
C00406,29,Consumer,East,Guwahati
C00407,34,Consumer,North,Jaipur
C00408,20,Small Business,South,Mysuru
C00409,27,Consumer,South,Mysuru
C00410,41,Consumer,West,Ahmedabad
C00411,18,Corporate,East,Guwahati
C00412,37,Consumer,East,Bhubaneswar
C00413,18,Consumer,East,Kolkata
C00414,47,Small Business,South,Chennai
C00415,27,Small Business,West,Nashik
C00416,35,Consumer,West,Nashik
C00417,33,Consumer,West,Mumbai
C00418,33,Consumer,East,Bhubaneswar
C00419,34,Corporate,West,Nashik
C00420,18,Consumer,North,Lucknow
C00421,33,Small Business,East,Kolkata
C00422,30,Consumer,North,Chandigarh
C00423,27,Consumer,North,Chandigarh
C00424,24,Small Business,West,Pune
C00425,33,Consumer,South,Chennai
C00426,23,Consumer,South,Bengaluru
C00427,41,Consumer,East,Kolkata
C00428,36,Consumer,West,Nashik
C00429,34,Consumer,South,Chennai
C00430,40,Corporate,West,Pune
C00431,18,Consumer,North,Delhi
C00432,20,Consumer,North,Lucknow
C00433,36,Consumer,North,Chandigarh
C00434,25,Consumer,South,Hyderabad
C00435,26,Consumer,East,Bhubaneswar
C00436,19,Consumer,South,Hyderabad
C00437,23,Consumer,West,Nashik
C00438,41,Consumer,South,Mysuru
C00439,36,Corporate,South,Hyderabad
C00440,33,Consumer,East,Patna
C00441,26,Consumer,East,Patna
C00442,33,Consumer,West,Nashik
C00443,42,Consumer,North,Jaipur
C00444,25,Consumer,West,Nashik
C00445,31,Corporate,North,Lucknow
C00446,47,Consumer,East,Patna
C00447,38,Corporate,East,Patna
C00448,26,Corporate,South,Mysuru
C00449,37,Consumer,East,Kolkata
C00450,18,Consumer,South,Mysuru
C00451,31,Consumer,North,Lucknow
C00452,37,Consumer,North,Delhi
C00453,35,Small Business,East,Patna
C00454,37,Corporate,West,Pune
C00455,39,Consumer,East,Patna
C00456,36,Consumer,South,Chennai
C00457,35,Consumer,South,Hyderabad
C00458,33,Consumer,North,Jaipur
C00459,22,Small Business,West,Pune
C00460,41,Small Business,North,Chandigarh
C00461,31,Small Business,West,Ahmedabad
C00462,38,Small Business,South,Bengaluru
C00463,40,Consumer,North,Lucknow
C00464,27,Consumer,East,Bhubaneswar
C00465,28,Consumer,South,Hyderabad
C00466,29,Corporate,North,Lucknow
C00467,43,Consumer,South,Chennai
C00468,23,Consumer,East,Patna
C00469,45,Consumer,North,Delhi
C00470,33,Corporate,East,Kolkata
C00471,34,Consumer,South,Hyderabad
C00472,40,Consumer,East,Patna
C00473,32,Small Business,West,Nashik
C00474,41,Corporate,West,Ahmedabad
C00475,27,Consumer,West,Nashik
C00476,44,Corporate,North,Lucknow
C00477,27,Consumer,East,Patna
C00478,45,Corporate,West,Mumbai
C00479,28,Consumer,East,Kolkata
C00480,29,Consumer,North,Jaipur
C00481,22,Consumer,West,Nashik
C00482,25,Consumer,North,Chandigarh
C00483,31,Consumer,West,Mumbai
C00484,34,Corporate,West,Pune
C00485,40,Small Business,North,Chandigarh
C00486,30,Consumer,West,Pune
C00487,21,Small Business,South,Hyderabad
C00488,35,Consumer,East,Guwahati
C00489,33,Consumer,North,Chandigarh
C00490,36,Consumer,South,Mysuru
C00491,26,Consumer,West,Nashik
C00492,27,Consumer,East,Patna
C00493,26,Consumer,West,Ahmedabad
C00494,42,Small Business,South,Mysuru
C00495,44,Corporate,East,Bhubaneswar
C00496,26,Consumer,North,Delhi
C00497,27,Consumer,North,Lucknow
C00498,37,Consumer,West,Nashik
C00499,45,Consumer,North,Jaipur
C00500,48,Small Business,West,Nashik
C00501,26,Small Business,West,Mumbai
C00502,28,Small Business,West,Pune
C00503,34,Corporate,North,Jaipur
C00504,35,Consumer,South,Hyderabad
C00505,30,Consumer,West,Mumbai
C00506,24,Consumer,South,Hyderabad
C00507,31,Consumer,North,Jaipur
C00508,48,Consumer,West,Ahmedabad
C00509,27,Small Business,South,Hyderabad
C00510,34,Consumer,North,Jaipur
C00511,54,Small Business,West,Pune
C00512,27,Consumer,South,Bengaluru
C00513,38,Consumer,North,Jaipur
C00514,48,Small Business,North,Delhi
C00515,37,Small Business,South,Chennai
C00516,41,Small Business,West,Mumbai
C00517,39,Corporate,East,Kolkata
C00518,36,Corporate,West,Nashik
C00519,44,Consumer,East,Patna
C00520,37,Small Business,West,Nashik
C00521,30,Consumer,South,Bengaluru
C00522,33,Corporate,North,Chandigarh
C00523,35,Small Business,West,Pune
C00524,28,Consumer,East,Guwahati
C00525,33,Corporate,East,Kolkata
C00526,32,Consumer,East,Guwahati
C00527,37,Corporate,West,Pune
C00528,51,Consumer,North,Jaipur
C00529,34,Small Business,West,Mumbai
C00530,46,Consumer,North,Lucknow
C00531,37,Consumer,East,Patna
C00532,33,Small Business,East,Guwahati
C00533,27,Consumer,West,Pune
C00534,33,Corporate,South,Mysuru
C00535,33,Consumer,East,Bhubaneswar
C00536,25,Corporate,East,Patna
C00537,26,Corporate,East,Guwahati
C00538,35,Consumer,East,Kolkata
C00539,46,Corporate,North,Chandigarh
C00540,31,Consumer,North,Lucknow
C00541,18,Consumer,North,Jaipur
C00542,18,Corporate,East,Kolkata
C00543,22,Consumer,West,Pune
C00544,38,Corporate,West,Nashik
C00545,20,Small Business,West,Ahmedabad
C00546,39,Consumer,South,Bengaluru
C00547,37,Consumer,North,Delhi
C00548,31,Corporate,East,Patna
C00549,18,Small Business,East,Kolkata
C00550,25,Consumer,North,Lucknow
C00551,29,Consumer,North,Delhi
C00552,35,Consumer,South,Hyderabad
C00553,20,Small Business,East,Bhubaneswar
C00554,44,Consumer,West,Ahmedabad
C00555,35,Corporate,North,Delhi
C00556,36,Small Business,North,Jaipur
C00557,37,Consumer,East,Kolkata
C00558,43,Consumer,North,Delhi
C00559,33,Corporate,South,Chennai
C00560,38,Consumer,North,Lucknow
C00561,25,Consumer,North,Delhi
C00562,48,Consumer,South,Hyderabad
C00563,33,Consumer,East,Kolkata
C00564,25,Corporate,South,Bengaluru
C00565,27,Consumer,West,Mumbai
C00566,18,Consumer,East,Guwahati
C00567,27,Consumer,East,Patna
C00568,18,Consumer,South,Chennai
C00569,39,Corporate,North,Lucknow
C00570,35,Consumer,West,Pune
C00571,23,Consumer,South,Hyderabad
C00572,31,Small Business,West,Pune
C00573,31,Consumer,North,Chandigarh
C00574,21,Corporate,East,Guwahati
C00575,30,Consumer,East,Guwahati
C00576,32,Consumer,North,Jaipur
C00577,29,Consumer,West,Ahmedabad
C00578,25,Consumer,East,Kolkata
C00579,22,Consumer,North,Chandigarh
C00580,29,Corporate,North,Delhi
C00581,26,Consumer,South,Mysuru
C00582,37,Consumer,West,Pune
C00583,44,Consumer,South,Chennai
C00584,40,Small Business,South,Hyderabad
C00585,32,Corporate,North,Lucknow
C00586,26,Small Business,North,Delhi
C00587,40,Consumer,West,Nashik
C00588,37,Small Business,East,Bhubaneswar
C00589,43,Consumer,South,Mysuru
C00590,33,Corporate,South,Chennai
C00591,47,Consumer,West,Nashik
C00592,33,Consumer,West,Nashik
C00593,26,Small Business,West,Nashik
C00594,27,Consumer,West,Ahmedabad
C00595,36,Corporate,East,Guwahati
C00596,26,Consumer,East,Patna
C00597,47,Consumer,West,Nashik
C00598,35,Small Business,West,Ahmedabad
C00599,32,Consumer,South,Mysuru
C00600,33,Corporate,North,Delhi
C00601,29,Small Business,East,Kolkata
C00602,18,Corporate,South,Mysuru
C00603,27,Consumer,East,Kolkata
C00604,46,Consumer,East,Patna
C00605,34,Consumer,North,Jaipur
C00606,41,Corporate,North,Jaipur
C00607,41,Small Business,West,Pune
C00608,31,Consumer,South,Chennai
C00609,37,Small Business,North,Jaipur
C00610,18,Consumer,South,Bengaluru
C00611,45,Corporate,South,Chennai
C00612,44,Consumer,South,Hyderabad
C00613,36,Consumer,South,Bengaluru
C00614,34,Consumer,South,Mysuru
C00615,31,Consumer,East,Guwahati
C00616,42,Small Business,North,Lucknow
C00617,38,Consumer,South,Mysuru
C00618,18,Consumer,West,Nashik
C00619,28,Small Business,East,Patna
C00620,21,Consumer,North,Delhi
C00621,20,Corporate,North,Delhi
C00622,42,Consumer,North,Chandigarh
C00623,31,Consumer,East,Kolkata
C00624,36,Consumer,West,Ahmedabad
C00625,32,Consumer,North,Delhi
C00626,20,Small Business,West,Nashik
C00627,18,Consumer,East,Kolkata
C00628,28,Corporate,East,Bhubaneswar
C00629,28,Consumer,North,Chandigarh
C00630,28,Corporate,South,Bengaluru
C00631,29,Small Business,East,Kolkata
C00632,50,Small Business,North,Delhi
C00633,41,Consumer,South,Bengaluru
C00634,34,Consumer,South,Mysuru
C00635,31,Consumer,East,Bhubaneswar
C00636,31,Small Business,North,Lucknow
C00637,38,Consumer,North,Chandigarh
C00638,31,Consumer,East,Patna
C00639,40,Consumer,West,Ahmedabad
C00640,35,Consumer,West,Ahmedabad
C00641,50,Consumer,West,Nashik
C00642,30,Consumer,North,Lucknow
C00643,41,Consumer,South,Chennai
C00644,22,Corporate,West,Mumbai
C00645,26,Small Business,North,Lucknow
C00646,49,Consumer,East,Bhubaneswar
C00647,39,Small Business,West,Ahmedabad
C00648,36,Corporate,East,Patna
C00649,53,Small Business,South,Bengaluru
C00650,31,Consumer,East,Patna
C00651,41,Consumer,West,Ahmedabad
C00652,42,Corporate,North,Jaipur
C00653,46,Consumer,South,Chennai
C00654,21,Corporate,East,Bhubaneswar
C00655,31,Small Business,South,Hyderabad
C00656,34,Corporate,South,Bengaluru
C00657,46,Small Business,North,Delhi
C00658,36,Consumer,West,Ahmedabad
C00659,42,Small Business,South,Mysuru
C00660,20,Corporate,South,Hyderabad
C00661,29,Small Business,South,Hyderabad
C00662,44,Consumer,East,Kolkata
C00663,30,Consumer,East,Patna
C00664,32,Consumer,South,Mysuru
C00665,46,Consumer,North,Chandigarh
C00666,24,Consumer,South,Hyderabad
C00667,26,Consumer,North,Chandigarh
C00668,20,Consumer,South,Chennai
C00669,46,Consumer,East,Guwahati
C00670,41,Consumer,North,Chandigarh
C00671,40,Consumer,East,Bhubaneswar
C00672,29,Consumer,South,Hyderabad
C00673,19,Consumer,North,Delhi
C00674,18,Consumer,East,Patna
C00675,44,Small Business,West,Pune
C00676,37,Corporate,North,Delhi
C00677,38,Consumer,South,Chennai
C00678,34,Small Business,East,Bhubaneswar
C00679,25,Consumer,East,Kolkata
C00680,29,Consumer,South,Mysuru
C00681,23,Small Business,North,Delhi
C00682,22,Consumer,East,Kolkata
C00683,40,Corporate,East,Patna
C00684,18,Consumer,South,Mysuru
C00685,23,Consumer,West,Ahmedabad
C00686,29,Corporate,South,Bengaluru
C00687,32,Corporate,North,Delhi
C00688,19,Consumer,North,Jaipur
C00689,18,Small Business,South,Bengaluru
C00690,35,Consumer,North,Chandigarh
C00691,34,Consumer,South,Mysuru
C00692,44,Corporate,East,Kolkata
C00693,33,Small Business,West,Pune
C00694,36,Small Business,North,Jaipur
C00695,25,Consumer,South,Mysuru
C00696,26,Consumer,West,Ahmedabad
C00697,20,Corporate,South,Chennai
C00698,25,Consumer,West,Pune
C00699,29,Corporate,South,Mysuru
C00700,43,Consumer,East,Kolkata
C00701,24,Consumer,West,Nashik
C00702,51,Consumer,West,Mumbai
C00703,37,Consumer,South,Chennai
C00704,35,Consumer,East,Kolkata
C00705,32,Consumer,North,Jaipur
C00706,30,Consumer,East,Bhubaneswar
C00707,26,Consumer,West,Ahmedabad
C00708,19,Consumer,West,Pune
C00709,24,Consumer,East,Guwahati
C00710,46,Corporate,West,Nashik
C00711,37,Consumer,North,Lucknow
C00712,46,Consumer,West,Ahmedabad
C00713,26,Consumer,West,Ahmedabad
C00714,22,Consumer,South,Bengaluru
C00715,32,Consumer,North,Jaipur
C00716,25,Small Business,West,Ahmedabad
C00717,34,Small Business,North,Jaipur
C00718,18,Corporate,East,Guwahati
C00719,18,Consumer,South,Hyderabad
C00720,35,Corporate,West,Nashik
C00721,47,Consumer,West,Ahmedabad
C00722,35,Consumer,South,Bengaluru
C00723,37,Consumer,South,Bengaluru
C00724,32,Corporate,North,Lucknow
C00725,33,Consumer,East,Guwahati
C00726,19,Consumer,North,Delhi
C00727,25,Corporate,South,Chennai
C00728,43,Corporate,North,Delhi
C00729,22,Small Business,North,Lucknow
C00730,29,Small Business,West,Ahmedabad
C00731,42,Consumer,East,Guwahati
C00732,33,Corporate,East,Guwahati
C00733,33,Consumer,North,Jaipur
C00734,29,Small Business,East,Guwahati
C00735,38,Consumer,North,Lucknow
C00736,40,Consumer,West,Nashik
C00737,24,Consumer,West,Nashik
C00738,20,Small Business,South,Chennai
C00739,18,Consumer,North,Delhi
C00740,36,Consumer,West,Ahmedabad
C00741,35,Small Business,North,Lucknow
C00742,54,Consumer,East,Guwahati
C00743,32,Consumer,South,Mysuru
C00744,31,Small Business,North,Chandigarh
C00745,34,Corporate,West,Ahmedabad
C00746,34,Consumer,East,Patna
C00747,30,Consumer,West,Pune
C00748,25,Corporate,East,Patna
C00749,32,Corporate,South,Bengaluru
C00750,31,Small Business,South,Mysuru
C00751,31,Consumer,West,Mumbai
C00752,39,Corporate,West,Mumbai
C00753,32,Consumer,North,Lucknow
C00754,20,Consumer,East,Kolkata
C00755,26,Consumer,South,Mysuru
C00756,30,Consumer,North,Lucknow
C00757,32,Small Business,East,Kolkata
C00758,36,Consumer,South,Chennai
C00759,32,Consumer,East,Patna
C00760,18,Consumer,North,Jaipur
C00761,21,Consumer,West,Pune
C00762,37,Corporate,South,Mysuru
C00763,30,Consumer,East,Kolkata
C00764,45,Small Business,North,Lucknow
C00765,33,Small Business,East,Bhubaneswar
C00766,28,Consumer,North,Chandigarh
C00767,26,Corporate,South,Bengaluru
C00768,29,Consumer,South,Bengaluru
C00769,33,Small Business,East,Bhubaneswar
C00770,32,Consumer,East,Kolkata
C00771,40,Consumer,North,Lucknow
C00772,18,Consumer,West,Ahmedabad
C00773,19,Consumer,North,Jaipur
C00774,29,Consumer,South,Chennai
C00775,36,Corporate,South,Bengaluru
C00776,38,Consumer,South,Hyderabad
C00777,26,Consumer,South,Mysuru
C00778,18,Consumer,West,Ahmedabad
C00779,27,Consumer,North,Chandigarh
C00780,35,Consumer,South,Bengaluru
C00781,31,Consumer,West,Ahmedabad
C00782,37,Consumer,East,Guwahati
C00783,42,Consumer,East,Guwahati
C00784,30,Consumer,West,Mumbai
C00785,28,Corporate,North,Delhi
C00786,24,Consumer,East,Guwahati
C00787,19,Consumer,North,Jaipur
C00788,18,Corporate,South,Hyderabad
C00789,25,Corporate,East,Kolkata
C00790,41,Consumer,West,Mumbai
C00791,38,Consumer,North,Jaipur
C00792,27,Small Business,South,Chennai
C00793,51,Corporate,South,Chennai
C00794,26,Small Business,North,Delhi
C00795,43,Consumer,North,Jaipur
C00796,46,Consumer,North,Jaipur
C00797,36,Consumer,North,Delhi
C00798,25,Corporate,South,Hyderabad
C00799,28,Consumer,South,Chennai
C00800,33,Consumer,West,Pune
C00801,19,Consumer,West,Pune
C00802,23,Corporate,North,Jaipur
C00803,22,Consumer,East,Kolkata
C00804,36,Consumer,East,Patna
C00805,42,Consumer,North,Chandigarh
C00806,38,Consumer,South,Mysuru
C00807,40,Corporate,North,Chandigarh
C00808,25,Consumer,West,Pune
C00809,29,Consumer,South,Mysuru
C00810,29,Corporate,East,Guwahati
C00811,36,Consumer,East,Bhubaneswar
C00812,51,Small Business,North,Jaipur
C00813,26,Small Business,North,Lucknow
C00814,40,Consumer,North,Chandigarh
C00815,45,Small Business,South,Chennai
C00816,36,Corporate,West,Ahmedabad
C00817,28,Small Business,South,Mysuru
C00818,24,Consumer,West,Ahmedabad
C00819,22,Consumer,East,Bhubaneswar
C00820,18,Consumer,South,Bengaluru
C00821,30,Small Business,West,Ahmedabad
C00822,29,Corporate,East,Guwahati
C00823,39,Small Business,South,Hyderabad
C00824,26,Small Business,North,Lucknow
C00825,30,Corporate,South,Hyderabad
C00826,34,Consumer,East,Guwahati
C00827,36,Corporate,East,Patna
C00828,38,Corporate,East,Kolkata
C00829,33,Small Business,West,Nashik
C00830,20,Small Business,East,Bhubaneswar
C00831,35,Small Business,South,Chennai
C00832,26,Consumer,West,Pune
C00833,43,Corporate,North,Chandigarh
C00834,32,Consumer,East,Patna
C00835,34,Consumer,West,Pune
C00836,55,Consumer,East,Bhubaneswar
C00837,38,Corporate,North,Lucknow
C00838,35,Corporate,East,Patna
C00839,30,Consumer,West,Nashik
C00840,20,Consumer,West,Mumbai
C00841,30,Small Business,North,Lucknow
C00842,24,Consumer,West,Nashik
C00843,47,Consumer,East,Patna
C00844,35,Consumer,West,Mumbai
C00845,42,Consumer,West,Nashik
C00846,26,Consumer,North,Lucknow
C00847,24,Small Business,North,Jaipur
C00848,37,Consumer,South,Mysuru
C00849,24,Consumer,West,Pune
C00850,28,Small Business,West,Mumbai
C00851,47,Small Business,North,Chandigarh
C00852,28,Consumer,East,Bhubaneswar
C00853,19,Corporate,South,Chennai
C00854,18,Consumer,North,Jaipur
C00855,18,Corporate,East,Patna
C00856,43,Consumer,North,Chandigarh
C00857,27,Corporate,North,Chandigarh
C00858,55,Consumer,West,Ahmedabad
C00859,45,Consumer,North,Delhi
C00860,50,Consumer,East,Patna
C00861,41,Consumer,West,Nashik
C00862,37,Small Business,North,Jaipur
C00863,24,Consumer,West,Nashik
C00864,31,Consumer,South,Mysuru
C00865,38,Corporate,South,Hyderabad
C00866,40,Consumer,West,Pune
C00867,21,Consumer,South,Bengaluru
C00868,30,Consumer,East,Patna
C00869,31,Consumer,East,Bhubaneswar
C00870,30,Corporate,East,Bhubaneswar
C00871,22,Corporate,East,Guwahati
C00872,48,Corporate,West,Mumbai
C00873,29,Small Business,South,Chennai
C00874,23,Consumer,East,Guwahati
C00875,48,Consumer,North,Jaipur
C00876,45,Consumer,East,Patna
C00877,33,Consumer,North,Lucknow
C00878,18,Small Business,East,Bhubaneswar
C00879,27,Small Business,South,Chennai
C00880,18,Small Business,North,Jaipur
C00881,36,Consumer,North,Lucknow
C00882,27,Consumer,South,Mysuru
C00883,31,Consumer,North,Chandigarh
C00884,47,Corporate,North,Lucknow
C00885,26,Consumer,North,Delhi
C00886,36,Consumer,East,Guwahati
C00887,38,Small Business,North,Jaipur
C00888,43,Consumer,North,Delhi
C00889,31,Consumer,North,Delhi
C00890,30,Consumer,North,Chandigarh
C00891,29,Consumer,North,Chandigarh
C00892,35,Corporate,South,Hyderabad
C00893,45,Consumer,North,Lucknow
C00894,29,Consumer,South,Bengaluru
C00895,18,Consumer,South,Hyderabad
C00896,39,Small Business,West,Mumbai
C00897,32,Small Business,South,Bengaluru
C00898,36,Consumer,West,Nashik
C00899,18,Corporate,North,Chandigarh
C00900,27,Small Business,West,Mumbai
C00901,39,Consumer,West,Mumbai
C00902,20,Consumer,East,Guwahati
C00903,36,Consumer,East,Bhubaneswar
C00904,31,Consumer,North,Lucknow
C00905,25,Small Business,North,Delhi
C00906,24,Consumer,West,Mumbai
C00907,22,Small Business,West,Mumbai
C00908,32,Corporate,East,Bhubaneswar
C00909,33,Consumer,West,Nashik
C00910,28,Consumer,East,Bhubaneswar
C00911,22,Consumer,North,Delhi
C00912,18,Small Business,West,Ahmedabad
C00913,35,Consumer,West,Ahmedabad
C00914,40,Consumer,North,Chandigarh
C00915,37,Consumer,East,Bhubaneswar
C00916,50,Consumer,East,Patna
C00917,30,Consumer,South,Bengaluru
C00918,44,Corporate,North,Jaipur
C00919,26,Consumer,East,Patna
C00920,24,Consumer,South,Bengaluru
C00921,33,Consumer,North,Lucknow
C00922,46,Small Business,South,Hyderabad
C00923,29,Small Business,East,Guwahati
C00924,18,Corporate,North,Delhi
C00925,39,Consumer,East,Kolkata
C00926,31,Consumer,South,Hyderabad
C00927,34,Small Business,East,Patna
C00928,25,Consumer,South,Bengaluru
C00929,33,Consumer,North,Chandigarh
C00930,19,Corporate,South,Mysuru
C00931,48,Corporate,North,Lucknow
C00932,41,Consumer,North,Delhi
C00933,32,Consumer,North,Lucknow
C00934,39,Corporate,South,Bengaluru
C00935,26,Small Business,West,Nashik
C00936,41,Small Business,North,Jaipur
C00937,28,Consumer,East,Patna
C00938,28,Small Business,West,Ahmedabad
C00939,23,Consumer,North,Jaipur
C00940,35,Consumer,South,Hyderabad
C00941,32,Small Business,East,Bhubaneswar
C00942,44,Consumer,East,Patna
C00943,22,Small Business,East,Guwahati
C00944,35,Consumer,South,Hyderabad
C00945,42,Corporate,West,Nashik
C00946,55,Small Business,North,Delhi
C00947,33,Consumer,West,Pune
C00948,28,Small Business,South,Hyderabad
C00949,33,Corporate,South,Chennai
C00950,43,Consumer,East,Kolkata
C00951,43,Consumer,South,Mysuru
C00952,30,Consumer,West,Nashik
C00953,43,Consumer,West,Nashik
C00954,31,Consumer,South,Mysuru
C00955,39,Consumer,East,Kolkata
C00956,36,Consumer,East,Patna
C00957,28,Consumer,West,Nashik
C00958,23,Corporate,North,Delhi
C00959,42,Consumer,South,Bengaluru
C00960,45,Small Business,West,Nashik
C00961,35,Corporate,North,Delhi
C00962,31,Consumer,West,Pune
C00963,21,Corporate,East,Kolkata
C00964,42,Consumer,North,Chandigarh
C00965,34,Consumer,South,Hyderabad
C00966,29,Small Business,East,Patna
C00967,39,Corporate,East,Guwahati
C00968,19,Consumer,East,Guwahati
C00969,22,Consumer,West,Mumbai
C00970,25,Consumer,North,Delhi
C00971,36,Small Business,South,Mysuru
C00972,33,Corporate,South,Hyderabad
C00973,37,Consumer,West,Pune
C00974,41,Small Business,North,Chandigarh
C00975,38,Consumer,East,Guwahati
C00976,49,Consumer,South,Hyderabad
C00977,41,Consumer,East,Patna
C00978,30,Consumer,South,Chennai
C00979,27,Corporate,South,Bengaluru
C00980,31,Small Business,West,Nashik
C00981,38,Consumer,West,Mumbai
C00982,28,Small Business,South,Bengaluru
C00983,38,Consumer,West,Pune
C00984,37,Small Business,East,Kolkata
C00985,23,Small Business,South,Bengaluru
C00986,41,Consumer,East,Guwahati
C00987,35,Consumer,South,Hyderabad
C00988,48,Consumer,West,Mumbai
C00989,31,Consumer,North,Jaipur
C00990,29,Consumer,North,Lucknow
C00991,22,Corporate,South,Chennai
C00992,22,Consumer,South,Hyderabad
C00993,40,Small Business,East,Patna
C00994,47,Consumer,North,Delhi
C00995,31,Corporate,South,Mysuru
C00996,30,Consumer,East,Kolkata
C00997,32,Consumer,North,Chandigarh
C00998,42,Small Business,North,Chandigarh
C00999,23,Consumer,East,Bhubaneswar
C01000,34,Small Business,North,Chandigarh
C01001,40,Small Business,South,Mysuru
C01002,36,Consumer,South,Hyderabad
C01003,18,Consumer,North,Jaipur
C01004,38,Consumer,East,Kolkata
C01005,36,Small Business,East,Guwahati
C01006,44,Consumer,South,Mysuru
C01007,46,Consumer,South,Chennai
C01008,43,Corporate,South,Chennai
C01009,32,Consumer,West,Nashik
C01010,18,Consumer,North,Delhi
C01011,51,Small Business,South,Bengaluru
C01012,30,Consumer,North,Chandigarh
C01013,32,Corporate,West,Pune
C01014,47,Consumer,South,Hyderabad
C01015,25,Consumer,East,Bhubaneswar
C01016,20,Consumer,North,Lucknow
C01017,28,Small Business,West,Mumbai
C01018,25,Consumer,South,Bengaluru
C01019,19,Consumer,East,Bhubaneswar
C01020,31,Consumer,South,Mysuru
C01021,32,Consumer,South,Chennai
C01022,18,Consumer,North,Chandigarh
C01023,29,Small Business,East,Patna
C01024,25,Consumer,North,Lucknow
C01025,18,Small Business,North,Chandigarh
C01026,33,Consumer,East,Kolkata
C01027,33,Consumer,East,Patna
C01028,25,Consumer,South,Chennai
C01029,41,Consumer,North,Chandigarh
C01030,32,Corporate,West,Mumbai
C01031,25,Consumer,South,Bengaluru
C01032,18,Consumer,North,Chandigarh
C01033,34,Consumer,North,Jaipur
C01034,36,Consumer,South,Chennai
C01035,27,Consumer,South,Mysuru
C01036,33,Consumer,South,Mysuru
C01037,46,Consumer,North,Lucknow
C01038,40,Consumer,East,Guwahati
C01039,18,Consumer,East,Bhubaneswar
C01040,25,Consumer,North,Jaipur
C01041,30,Consumer,South,Mysuru
C01042,32,Consumer,South,Bengaluru
C01043,33,Corporate,West,Pune
C01044,35,Consumer,West,Pune
C01045,31,Corporate,East,Bhubaneswar
C01046,32,Small Business,South,Bengaluru
C01047,40,Corporate,South,Bengaluru
C01048,34,Consumer,South,Mysuru
C01049,21,Consumer,North,Delhi
C01050,32,Consumer,East,Guwahati
C01051,30,Consumer,West,Pune
C01052,18,Consumer,East,Kolkata
C01053,33,Consumer,West,Ahmedabad
C01054,22,Corporate,North,Delhi
C01055,40,Corporate,East,Bhubaneswar
C01056,35,Consumer,West,Pune
C01057,21,Consumer,South,Hyderabad
C01058,40,Corporate,South,Chennai
C01059,44,Small Business,North,Lucknow
C01060,29,Small Business,East,Kolkata
C01061,30,Consumer,North,Chandigarh
C01062,39,Consumer,East,Bhubaneswar
C01063,43,Corporate,South,Chennai
C01064,18,Corporate,West,Pune
C01065,22,Consumer,West,Nashik
C01066,28,Consumer,East,Guwahati
C01067,29,Consumer,East,Kolkata
C01068,39,Consumer,West,Mumbai
C01069,43,Consumer,West,Nashik
C01070,44,Consumer,East,Patna
C01071,18,Corporate,West,Pune
C01072,24,Consumer,South,Hyderabad
C01073,20,Small Business,East,Patna
C01074,26,Consumer,West,Pune
C01075,24,Consumer,North,Delhi
C01076,35,Consumer,South,Chennai
C01077,36,Consumer,West,Mumbai
C01078,32,Consumer,South,Mysuru
C01079,31,Consumer,West,Ahmedabad
C01080,28,Consumer,South,Hyderabad
C01081,29,Consumer,East,Patna
C01082,46,Small Business,East,Bhubaneswar
C01083,38,Consumer,West,Ahmedabad
C01084,28,Small Business,West,Pune
C01085,31,Consumer,East,Bhubaneswar
C01086,36,Consumer,West,Ahmedabad
C01087,21,Consumer,East,Patna
C01088,33,Consumer,West,Ahmedabad
C01089,37,Consumer,East,Guwahati
C01090,36,Consumer,South,Chennai
C01091,24,Consumer,East,Guwahati
C01092,26,Consumer,South,Mysuru
C01093,18,Consumer,West,Ahmedabad
C01094,38,Consumer,South,Bengaluru
C01095,50,Consumer,West,Ahmedabad
C01096,23,Consumer,South,Mysuru
C01097,41,Corporate,South,Mysuru
C01098,49,Consumer,North,Lucknow
C01099,27,Consumer,West,Pune
C01100,31,Consumer,West,Ahmedabad
C01101,34,Consumer,East,Patna
C01102,36,Small Business,North,Delhi
C01103,34,Consumer,South,Bengaluru
C01104,28,Corporate,South,Mysuru
C01105,37,Small Business,East,Guwahati
C01106,28,Consumer,West,Pune
C01107,35,Consumer,West,Ahmedabad
C01108,31,Small Business,West,Ahmedabad
C01109,18,Consumer,East,Kolkata
C01110,43,Consumer,North,Chandigarh
C01111,26,Consumer,East,Kolkata
C01112,44,Consumer,South,Hyderabad
C01113,41,Small Business,East,Bhubaneswar
C01114,34,Consumer,South,Chennai
C01115,36,Consumer,North,Lucknow
C01116,37,Small Business,East,Bhubaneswar
C01117,30,Small Business,West,Mumbai
C01118,30,Consumer,East,Patna
C01119,37,Corporate,East,Patna
C01120,18,Small Business,East,Kolkata
C01121,31,Corporate,North,Lucknow
C01122,28,Corporate,South,Mysuru
C01123,25,Consumer,South,Mysuru
C01124,35,Consumer,West,Mumbai
C01125,26,Consumer,North,Delhi
C01126,39,Small Business,East,Patna
C01127,40,Consumer,East,Patna
C01128,36,Consumer,East,Patna
C01129,38,Corporate,East,Bhubaneswar
C01130,36,Consumer,North,Lucknow
C01131,39,Corporate,South,Mysuru
C01132,38,Corporate,North,Jaipur
C01133,35,Consumer,East,Patna
C01134,41,Consumer,North,Chandigarh
C01135,30,Consumer,South,Chennai
C01136,25,Consumer,East,Patna
C01137,24,Small Business,East,Patna
C01138,29,Small Business,West,Mumbai
C01139,18,Consumer,South,Bengaluru
C01140,33,Consumer,East,Bhubaneswar
C01141,37,Consumer,East,Patna
C01142,40,Consumer,West,Nashik
C01143,18,Consumer,East,Bhubaneswar
C01144,25,Consumer,North,Jaipur
C01145,39,Consumer,North,Jaipur
C01146,30,Consumer,East,Guwahati
C01147,37,Small Business,West,Nashik
C01148,20,Consumer,East,Guwahati
C01149,44,Consumer,East,Kolkata
C01150,20,Small Business,North,Delhi
C01151,18,Consumer,West,Mumbai
C01152,33,Corporate,North,Jaipur
C01153,33,Consumer,West,Nashik
C01154,27,Corporate,North,Chandigarh
C01155,36,Consumer,West,Pune
C01156,36,Consumer,West,Ahmedabad
C01157,35,Consumer,South,Hyderabad
C01158,27,Consumer,East,Patna
C01159,25,Corporate,East,Guwahati
C01160,28,Consumer,South,Chennai
C01161,24,Consumer,West,Nashik
C01162,42,Consumer,West,Ahmedabad
C01163,29,Small Business,East,Kolkata
C01164,33,Consumer,West,Mumbai
C01165,39,Consumer,North,Lucknow
C01166,24,Consumer,North,Chandigarh
C01167,19,Small Business,South,Mysuru
C01168,24,Consumer,North,Chandigarh
C01169,34,Consumer,West,Nashik
C01170,33,Small Business,East,Patna
C01171,35,Consumer,West,Ahmedabad
C01172,31,Corporate,West,Pune
C01173,18,Corporate,West,Ahmedabad
C01174,30,Corporate,West,Mumbai
C01175,40,Small Business,South,Hyderabad
C01176,43,Corporate,South,Chennai
C01177,32,Consumer,East,Guwahati
C01178,33,Consumer,South,Mysuru
C01179,37,Consumer,South,Hyderabad
C01180,42,Consumer,East,Guwahati
C01181,32,Consumer,West,Mumbai
C01182,37,Consumer,East,Guwahati
C01183,27,Consumer,East,Kolkata
C01184,21,Consumer,South,Hyderabad
C01185,27,Small Business,North,Delhi
C01186,45,Small Business,West,Mumbai
C01187,37,Consumer,North,Lucknow
C01188,21,Small Business,South,Mysuru
C01189,38,Consumer,West,Ahmedabad
C01190,22,Consumer,East,Patna
C01191,35,Corporate,East,Guwahati
C01192,23,Consumer,West,Ahmedabad
C01193,21,Corporate,North,Chandigarh
C01194,46,Consumer,South,Chennai
C01195,29,Consumer,West,Mumbai
C01196,37,Consumer,North,Delhi
C01197,32,Consumer,South,Chennai
C01198,22,Small Business,West,Mumbai
C01199,29,Consumer,North,Jaipur
C01200,23,Consumer,East,Guwahati
C01201,53,Consumer,South,Mysuru
C01202,39,Consumer,East,Bhubaneswar
C01203,32,Corporate,East,Bhubaneswar
C01204,36,Consumer,South,Mysuru
C01205,38,Consumer,North,Jaipur
C01206,38,Small Business,South,Chennai
C01207,38,Consumer,East,Kolkata
C01208,37,Consumer,North,Delhi
C01209,32,Consumer,East,Bhubaneswar
C01210,45,Consumer,South,Mysuru
C01211,33,Small Business,East,Guwahati
C01212,32,Consumer,East,Guwahati
C01213,33,Corporate,East,Guwahati
C01214,34,Consumer,South,Bengaluru
C01215,18,Consumer,West,Mumbai
C01216,24,Consumer,North,Delhi
C01217,31,Corporate,North,Jaipur
C01218,18,Consumer,North,Jaipur
C01219,32,Small Business,East,Guwahati
C01220,34,Consumer,West,Pune
C01221,20,Consumer,North,Lucknow
C01222,26,Consumer,West,Nashik
C01223,43,Consumer,South,Mysuru
C01224,37,Consumer,West,Mumbai
C01225,36,Consumer,North,Delhi
C01226,42,Corporate,East,Patna
C01227,24,Small Business,North,Delhi
C01228,20,Consumer,East,Kolkata
C01229,40,Corporate,South,Hyderabad
C01230,31,Consumer,North,Chandigarh
C01231,24,Consumer,South,Hyderabad
C01232,50,Small Business,South,Hyderabad
C01233,18,Consumer,West,Ahmedabad
C01234,33,Corporate,North,Jaipur
C01235,30,Small Business,North,Lucknow
C01236,28,Consumer,North,Lucknow
C01237,18,Consumer,West,Mumbai
C01238,45,Consumer,East,Kolkata
C01239,19,Consumer,North,Jaipur
C01240,29,Small Business,South,Hyderabad
C01241,28,Small Business,South,Chennai
C01242,37,Consumer,South,Mysuru
C01243,18,Consumer,East,Bhubaneswar
C01244,36,Consumer,North,Chandigarh
C01245,33,Small Business,East,Guwahati
C01246,26,Consumer,West,Pune
C01247,35,Corporate,East,Patna
C01248,32,Consumer,North,Chandigarh
C01249,48,Consumer,East,Patna
C01250,30,Corporate,West,Pune
C01251,23,Consumer,East,Patna
C01252,36,Corporate,West,Nashik
C01253,29,Consumer,South,Mysuru
C01254,31,Consumer,South,Mysuru
C01255,20,Consumer,North,Lucknow
C01256,37,Small Business,North,Lucknow
C01257,27,Consumer,South,Mysuru
C01258,34,Consumer,North,Delhi
C01259,50,Consumer,West,Pune
C01260,29,Consumer,East,Kolkata
C01261,38,Small Business,West,Mumbai
C01262,30,Consumer,East,Guwahati
C01263,26,Consumer,West,Nashik
C01264,43,Corporate,South,Hyderabad
C01265,18,Corporate,North,Jaipur
C01266,41,Consumer,North,Delhi
C01267,18,Corporate,North,Lucknow
C01268,40,Consumer,West,Ahmedabad
C01269,32,Consumer,South,Bengaluru
C01270,23,Consumer,East,Patna
C01271,28,Small Business,South,Mysuru
C01272,38,Consumer,West,Pune
C01273,49,Consumer,West,Mumbai
C01274,18,Corporate,East,Kolkata
C01275,23,Small Business,South,Hyderabad
C01276,20,Small Business,East,Kolkata
C01277,30,Corporate,West,Ahmedabad
C01278,40,Consumer,West,Nashik
C01279,18,Consumer,South,Mysuru
C01280,31,Consumer,West,Mumbai
C01281,39,Consumer,East,Kolkata
C01282,28,Consumer,West,Pune
C01283,18,Small Business,North,Lucknow
C01284,33,Small Business,North,Jaipur
C01285,43,Corporate,East,Bhubaneswar
C01286,22,Corporate,South,Bengaluru
C01287,18,Consumer,West,Mumbai
C01288,34,Consumer,East,Patna
C01289,35,Consumer,South,Hyderabad
C01290,27,Consumer,East,Guwahati
C01291,25,Small Business,South,Bengaluru
C01292,32,Consumer,West,Mumbai
C01293,22,Consumer,West,Nashik
C01294,22,Consumer,North,Chandigarh
C01295,38,Corporate,North,Jaipur
C01296,21,Small Business,South,Chennai
C01297,18,Consumer,West,Mumbai
C01298,25,Corporate,North,Delhi
C01299,27,Consumer,North,Jaipur
C01300,36,Small Business,South,Mysuru
C01301,26,Consumer,North,Delhi
C01302,44,Corporate,South,Mysuru
C01303,32,Corporate,East,Kolkata
C01304,24,Consumer,South,Mysuru
C01305,35,Small Business,West,Pune
C01306,44,Consumer,North,Lucknow
C01307,37,Consumer,South,Mysuru
C01308,18,Corporate,East,Patna
C01309,28,Consumer,South,Mysuru
C01310,34,Consumer,West,Pune
C01311,37,Small Business,West,Pune
C01312,30,Corporate,North,Jaipur
C01313,29,Small Business,West,Pune
C01314,48,Corporate,East,Patna
C01315,37,Consumer,East,Guwahati
C01316,35,Small Business,East,Kolkata
C01317,26,Consumer,South,Chennai
C01318,22,Small Business,West,Ahmedabad
C01319,35,Corporate,West,Mumbai
C01320,39,Consumer,South,Chennai
C01321,31,Consumer,East,Kolkata
C01322,38,Consumer,North,Chandigarh
C01323,38,Consumer,South,Bengaluru
C01324,39,Consumer,South,Bengaluru
C01325,18,Corporate,East,Kolkata
C01326,28,Small Business,East,Kolkata
C01327,36,Consumer,North,Jaipur
C01328,32,Consumer,West,Pune
C01329,38,Consumer,South,Bengaluru
C01330,35,Small Business,South,Mysuru
C01331,18,Consumer,North,Lucknow
C01332,41,Small Business,South,Chennai
C01333,27,Consumer,South,Chennai
C01334,24,Small Business,West,Pune
C01335,41,Consumer,North,Chandigarh
C01336,37,Corporate,North,Delhi
C01337,42,Small Business,North,Delhi
C01338,34,Consumer,East,Guwahati
C01339,28,Consumer,North,Delhi
C01340,33,Consumer,East,Bhubaneswar
C01341,22,Corporate,North,Jaipur
C01342,19,Consumer,North,Delhi
C01343,26,Consumer,West,Mumbai
C01344,45,Corporate,West,Pune
C01345,27,Corporate,West,Mumbai
C01346,18,Consumer,West,Nashik
C01347,30,Small Business,North,Chandigarh
C01348,27,Corporate,South,Hyderabad
C01349,42,Consumer,West,Nashik
C01350,45,Consumer,South,Chennai
C01351,28,Consumer,South,Mysuru
C01352,34,Consumer,North,Lucknow
C01353,35,Consumer,West,Ahmedabad
C01354,31,Consumer,West,Pune
C01355,29,Corporate,South,Hyderabad
C01356,23,Corporate,West,Nashik
C01357,18,Consumer,West,Nashik
C01358,23,Consumer,North,Lucknow
C01359,31,Consumer,North,Delhi
C01360,18,Consumer,East,Kolkata
C01361,33,Consumer,North,Jaipur
C01362,32,Consumer,North,Lucknow
C01363,27,Consumer,South,Mysuru
C01364,29,Corporate,North,Chandigarh
C01365,20,Consumer,South,Hyderabad
C01366,39,Small Business,South,Bengaluru
C01367,39,Corporate,East,Kolkata
C01368,21,Consumer,South,Chennai
C01369,21,Consumer,West,Ahmedabad
C01370,23,Small Business,West,Nashik
C01371,36,Consumer,North,Delhi
C01372,35,Consumer,South,Hyderabad
C01373,41,Consumer,East,Guwahati
C01374,42,Consumer,West,Mumbai
C01375,18,Consumer,North,Delhi
C01376,36,Small Business,West,Mumbai
C01377,42,Consumer,East,Patna
C01378,28,Corporate,East,Kolkata
C01379,31,Consumer,West,Mumbai
C01380,30,Corporate,East,Kolkata
C01381,30,Consumer,West,Nashik
C01382,39,Consumer,South,Hyderabad
C01383,47,Corporate,North,Lucknow
C01384,44,Consumer,North,Chandigarh
C01385,27,Consumer,North,Lucknow
C01386,34,Small Business,East,Patna
C01387,24,Consumer,South,Bengaluru
C01388,25,Consumer,South,Hyderabad
C01389,31,Corporate,West,Mumbai
C01390,25,Consumer,West,Mumbai
C01391,26,Small Business,East,Guwahati
C01392,34,Small Business,North,Chandigarh
C01393,36,Small Business,West,Ahmedabad
C01394,36,Consumer,South,Mysuru
C01395,36,Corporate,North,Chandigarh
C01396,20,Corporate,North,Delhi
C01397,25,Consumer,West,Mumbai
C01398,32,Small Business,North,Delhi
C01399,41,Consumer,South,Chennai
C01400,53,Consumer,South,Bengaluru
C01401,34,Corporate,South,Chennai
C01402,38,Consumer,East,Kolkata
C01403,19,Corporate,North,Lucknow
C01404,38,Consumer,South,Bengaluru
C01405,49,Small Business,East,Guwahati
C01406,25,Consumer,South,Bengaluru
C01407,27,Consumer,East,Kolkata
C01408,39,Consumer,South,Bengaluru
C01409,32,Consumer,West,Pune
C01410,18,Consumer,South,Hyderabad
C01411,27,Corporate,South,Mysuru
C01412,44,Consumer,North,Delhi
C01413,29,Consumer,North,Delhi
C01414,29,Consumer,West,Pune
C01415,39,Small Business,South,Mysuru
C01416,35,Corporate,South,Bengaluru
C01417,29,Consumer,North,Delhi
C01418,26,Consumer,West,Nashik
C01419,58,Consumer,West,Mumbai
C01420,43,Consumer,East,Guwahati
C01421,36,Consumer,East,Kolkata
C01422,36,Small Business,East,Guwahati
C01423,30,Consumer,South,Chennai
C01424,34,Consumer,South,Hyderabad
C01425,29,Consumer,North,Lucknow
C01426,24,Consumer,East,Bhubaneswar
C01427,35,Corporate,West,Mumbai
C01428,29,Small Business,North,Chandigarh
C01429,35,Consumer,East,Guwahati
C01430,37,Consumer,West,Pune
C01431,36,Consumer,North,Chandigarh
C01432,23,Corporate,South,Mysuru
C01433,28,Consumer,South,Hyderabad
C01434,29,Consumer,West,Nashik
C01435,40,Consumer,North,Chandigarh
C01436,40,Consumer,East,Patna
C01437,25,Consumer,North,Chandigarh
C01438,20,Consumer,North,Jaipur
C01439,53,Consumer,West,Ahmedabad
C01440,35,Consumer,South,Bengaluru
C01441,19,Consumer,North,Delhi
C01442,26,Small Business,East,Patna
C01443,41,Consumer,South,Hyderabad
C01444,50,Consumer,West,Mumbai
C01445,48,Corporate,South,Chennai
C01446,35,Consumer,West,Mumbai
C01447,18,Small Business,East,Patna
C01448,32,Corporate,South,Hyderabad
C01449,22,Consumer,South,Chennai
C01450,32,Consumer,North,Delhi
C01451,23,Corporate,North,Jaipur
C01452,28,Consumer,South,Mysuru
C01453,39,Consumer,North,Jaipur
C01454,29,Consumer,East,Kolkata
C01455,29,Corporate,West,Pune
C01456,31,Consumer,South,Hyderabad
C01457,55,Corporate,West,Nashik
C01458,21,Corporate,West,Ahmedabad
C01459,34,Small Business,South,Hyderabad
C01460,47,Small Business,North,Jaipur
C01461,31,Consumer,North,Delhi
C01462,43,Corporate,West,Mumbai
C01463,20,Small Business,South,Bengaluru
C01464,30,Small Business,North,Delhi
C01465,24,Consumer,North,Chandigarh
C01466,31,Small Business,West,Ahmedabad
C01467,31,Consumer,North,Lucknow
C01468,32,Small Business,South,Hyderabad
C01469,39,Small Business,East,Guwahati
C01470,18,Consumer,North,Jaipur
C01471,26,Consumer,North,Jaipur
C01472,33,Small Business,South,Mysuru
C01473,18,Consumer,North,Lucknow
C01474,37,Consumer,South,Hyderabad
C01475,26,Consumer,West,Nashik
C01476,30,Consumer,West,Mumbai
C01477,40,Corporate,North,Jaipur
C01478,43,Consumer,West,Nashik
C01479,37,Consumer,South,Chennai
C01480,21,Consumer,West,Mumbai
C01481,37,Consumer,North,Lucknow
C01482,38,Consumer,South,Bengaluru
C01483,36,Corporate,North,Chandigarh
C01484,45,Corporate,West,Ahmedabad
C01485,32,Consumer,South,Hyderabad
C01486,44,Corporate,West,Ahmedabad
C01487,44,Consumer,North,Delhi
C01488,38,Consumer,West,Pune
C01489,34,Small Business,East,Guwahati
C01490,36,Corporate,East,Bhubaneswar
C01491,47,Small Business,East,Guwahati
C01492,41,Consumer,East,Patna
C01493,22,Consumer,East,Kolkata
C01494,35,Corporate,East,Bhubaneswar
C01495,24,Consumer,South,Mysuru
C01496,26,Consumer,West,Pune
C01497,28,Small Business,North,Delhi
C01498,19,Consumer,North,Lucknow
C01499,23,Small Business,West,Pune
C01500,45,Corporate,North,Jaipur
C01501,26,Corporate,East,Bhubaneswar
C01502,39,Consumer,West,Pune
C01503,33,Consumer,North,Chandigarh
C01504,36,Consumer,West,Nashik
C01505,37,Consumer,South,Mysuru
C01506,23,Consumer,South,Bengaluru
C01507,39,Small Business,West,Ahmedabad
C01508,20,Corporate,South,Hyderabad
C01509,25,Consumer,East,Patna
C01510,37,Corporate,North,Lucknow
C01511,22,Consumer,South,Bengaluru
C01512,18,Consumer,West,Nashik
C01513,35,Consumer,East,Bhubaneswar
C01514,18,Corporate,West,Ahmedabad
C01515,38,Small Business,West,Nashik
C01516,29,Consumer,West,Ahmedabad
C01517,35,Consumer,East,Bhubaneswar
C01518,34,Consumer,West,Pune
C01519,38,Small Business,South,Hyderabad
C01520,37,Small Business,North,Delhi
C01521,22,Consumer,East,Kolkata
C01522,29,Consumer,North,Chandigarh
C01523,35,Consumer,East,Guwahati
C01524,44,Corporate,North,Delhi
C01525,37,Corporate,East,Bhubaneswar
C01526,43,Consumer,North,Chandigarh
C01527,35,Consumer,North,Jaipur
C01528,41,Corporate,East,Kolkata
C01529,34,Consumer,North,Chandigarh
C01530,41,Small Business,East,Patna
C01531,28,Corporate,South,Chennai
C01532,46,Consumer,West,Mumbai
C01533,36,Small Business,West,Pune
C01534,19,Small Business,North,Chandigarh
C01535,35,Consumer,South,Bengaluru
C01536,18,Small Business,East,Guwahati
C01537,37,Consumer,East,Bhubaneswar
C01538,39,Consumer,East,Patna
C01539,49,Corporate,West,Nashik
C01540,27,Consumer,West,Mumbai
C01541,49,Corporate,West,Nashik
C01542,32,Corporate,South,Hyderabad
C01543,25,Corporate,South,Hyderabad
C01544,27,Consumer,South,Bengaluru
C01545,37,Consumer,East,Kolkata
C01546,24,Corporate,East,Bhubaneswar
C01547,28,Consumer,South,Chennai
C01548,35,Corporate,North,Delhi
C01549,45,Small Business,West,Nashik
C01550,39,Small Business,East,Patna
C01551,32,Consumer,North,Chandigarh
C01552,37,Consumer,West,Nashik
C01553,34,Consumer,West,Nashik
C01554,21,Small Business,South,Hyderabad
C01555,47,Consumer,West,Pune
C01556,46,Consumer,West,Ahmedabad
C01557,31,Consumer,North,Chandigarh
C01558,27,Consumer,North,Chandigarh
C01559,21,Small Business,East,Guwahati
C01560,37,Small Business,West,Mumbai
C01561,37,Consumer,North,Chandigarh
C01562,24,Small Business,South,Mysuru
C01563,34,Small Business,West,Nashik
C01564,39,Consumer,North,Jaipur
C01565,27,Small Business,West,Nashik
C01566,30,Small Business,North,Lucknow
C01567,30,Consumer,West,Ahmedabad
C01568,25,Consumer,North,Lucknow
C01569,30,Consumer,North,Chandigarh
C01570,18,Consumer,West,Mumbai
C01571,29,Small Business,South,Chennai
C01572,29,Corporate,East,Patna
C01573,31,Consumer,North,Chandigarh
C01574,36,Corporate,West,Mumbai
C01575,21,Consumer,East,Bhubaneswar
C01576,22,Consumer,East,Guwahati
C01577,25,Corporate,North,Delhi
C01578,20,Consumer,South,Bengaluru
C01579,37,Consumer,North,Chandigarh
C01580,26,Consumer,South,Bengaluru
C01581,31,Consumer,South,Hyderabad
C01582,24,Consumer,South,Bengaluru
C01583,28,Consumer,South,Bengaluru
C01584,34,Consumer,East,Kolkata
C01585,35,Consumer,North,Jaipur
C01586,22,Consumer,North,Lucknow
C01587,31,Consumer,East,Guwahati
C01588,24,Small Business,West,Pune
C01589,30,Consumer,South,Chennai
C01590,26,Corporate,East,Guwahati
C01591,48,Corporate,South,Mysuru
C01592,39,Small Business,North,Lucknow
C01593,35,Small Business,South,Chennai
C01594,18,Small Business,West,Ahmedabad
C01595,29,Consumer,West,Nashik
C01596,39,Consumer,West,Mumbai
C01597,31,Consumer,South,Hyderabad
C01598,47,Small Business,South,Hyderabad
C01599,40,Consumer,North,Chandigarh
C01600,28,Consumer,West,Pune
C01601,46,Consumer,East,Bhubaneswar
C01602,29,Consumer,South,Bengaluru
C01603,49,Consumer,South,Chennai
C01604,46,Corporate,North,Lucknow
C01605,34,Consumer,East,Guwahati
C01606,18,Corporate,North,Chandigarh
C01607,33,Consumer,North,Jaipur
C01608,22,Consumer,East,Patna
C01609,26,Small Business,East,Kolkata
C01610,27,Consumer,West,Ahmedabad
C01611,22,Consumer,North,Lucknow
C01612,33,Corporate,West,Nashik
C01613,25,Consumer,West,Ahmedabad
C01614,29,Small Business,North,Lucknow
C01615,27,Corporate,North,Lucknow
C01616,36,Consumer,North,Jaipur
C01617,35,Consumer,South,Hyderabad
C01618,29,Consumer,West,Nashik
C01619,36,Corporate,North,Jaipur
C01620,43,Consumer,West,Nashik
C01621,18,Consumer,North,Lucknow
C01622,26,Consumer,East,Guwahati
C01623,23,Consumer,East,Kolkata
C01624,25,Small Business,South,Chennai
C01625,18,Corporate,South,Mysuru
C01626,18,Consumer,North,Lucknow
C01627,18,Consumer,South,Hyderabad
C01628,27,Small Business,North,Delhi
C01629,27,Small Business,East,Bhubaneswar
C01630,44,Consumer,North,Jaipur
C01631,33,Consumer,North,Delhi
C01632,18,Small Business,South,Chennai
C01633,36,Consumer,South,Chennai
C01634,65,Consumer,East,Patna
C01635,18,Small Business,North,Lucknow
C01636,47,Consumer,North,Chandigarh
C01637,31,Consumer,West,Nashik
C01638,28,Consumer,West,Pune
C01639,26,Consumer,East,Bhubaneswar
C01640,34,Consumer,West,Nashik
C01641,28,Small Business,North,Chandigarh
C01642,21,Consumer,West,Mumbai
C01643,27,Corporate,South,Hyderabad
C01644,35,Consumer,North,Chandigarh
C01645,38,Small Business,East,Bhubaneswar
C01646,48,Consumer,North,Jaipur
C01647,32,Corporate,West,Nashik
C01648,43,Consumer,North,Jaipur
C01649,30,Small Business,North,Delhi
C01650,31,Corporate,West,Nashik
C01651,30,Consumer,North,Jaipur
C01652,33,Corporate,South,Hyderabad
C01653,39,Small Business,East,Kolkata
C01654,27,Small Business,South,Mysuru
C01655,23,Consumer,East,Guwahati
C01656,40,Small Business,East,Guwahati
C01657,39,Small Business,East,Kolkata
C01658,45,Consumer,West,Mumbai
C01659,26,Consumer,North,Delhi
C01660,29,Consumer,North,Jaipur
C01661,40,Small Business,West,Pune
C01662,27,Consumer,South,Hyderabad
C01663,37,Consumer,North,Lucknow
C01664,30,Consumer,South,Bengaluru
C01665,34,Consumer,East,Patna
C01666,21,Small Business,South,Bengaluru
C01667,32,Consumer,West,Ahmedabad
C01668,18,Consumer,North,Chandigarh
C01669,42,Corporate,North,Chandigarh
C01670,38,Consumer,South,Chennai
C01671,23,Consumer,East,Patna
C01672,47,Small Business,South,Hyderabad
C01673,42,Consumer,East,Kolkata
C01674,22,Consumer,South,Hyderabad
C01675,27,Consumer,South,Hyderabad
C01676,22,Small Business,West,Mumbai
C01677,35,Consumer,West,Ahmedabad
C01678,26,Consumer,West,Nashik
C01679,18,Consumer,North,Delhi
C01680,31,Consumer,West,Pune
C01681,40,Consumer,West,Pune
C01682,32,Corporate,West,Nashik
C01683,36,Small Business,East,Guwahati
C01684,33,Consumer,West,Ahmedabad
C01685,38,Consumer,East,Bhubaneswar
C01686,34,Consumer,South,Bengaluru
C01687,30,Consumer,North,Chandigarh
C01688,32,Consumer,West,Ahmedabad
C01689,45,Consumer,South,Mysuru
C01690,37,Corporate,West,Pune
C01691,23,Consumer,North,Delhi
C01692,32,Consumer,West,Nashik
C01693,35,Small Business,South,Hyderabad
C01694,30,Small Business,North,Jaipur
C01695,18,Consumer,North,Chandigarh
C01696,24,Consumer,North,Jaipur
C01697,28,Consumer,West,Nashik
C01698,48,Consumer,South,Mysuru
C01699,36,Consumer,North,Jaipur
C01700,18,Small Business,West,Pune
C01701,31,Consumer,West,Pune
C01702,43,Consumer,East,Bhubaneswar
C01703,26,Consumer,West,Pune
C01704,41,Consumer,West,Ahmedabad
C01705,18,Small Business,South,Mysuru
C01706,18,Consumer,North,Lucknow
C01707,42,Small Business,East,Kolkata
C01708,27,Consumer,West,Mumbai
C01709,18,Small Business,West,Ahmedabad
C01710,28,Consumer,North,Lucknow
C01711,33,Consumer,East,Kolkata
C01712,36,Consumer,West,Pune
C01713,18,Consumer,West,Mumbai
C01714,26,Corporate,South,Chennai
C01715,32,Corporate,North,Chandigarh
C01716,36,Consumer,North,Delhi
C01717,23,Consumer,North,Lucknow
C01718,30,Small Business,South,Bengaluru
C01719,26,Consumer,East,Guwahati
C01720,34,Consumer,East,Patna
C01721,42,Small Business,East,Guwahati
C01722,28,Consumer,East,Bhubaneswar
C01723,19,Consumer,West,Mumbai
C01724,25,Consumer,West,Mumbai
C01725,47,Corporate,West,Nashik
C01726,24,Consumer,East,Guwahati
C01727,21,Consumer,South,Mysuru
C01728,28,Small Business,North,Delhi
C01729,31,Consumer,South,Mysuru
C01730,27,Small Business,East,Kolkata
C01731,18,Consumer,East,Guwahati
C01732,34,Corporate,West,Pune
C01733,34,Corporate,North,Lucknow
C01734,38,Consumer,West,Mumbai
C01735,33,Corporate,North,Delhi
C01736,46,Consumer,East,Bhubaneswar
C01737,38,Consumer,East,Patna
C01738,36,Small Business,East,Bhubaneswar
C01739,42,Consumer,West,Pune
C01740,33,Consumer,South,Mysuru
C01741,30,Small Business,East,Bhubaneswar
C01742,34,Consumer,West,Nashik
C01743,18,Consumer,North,Jaipur
C01744,33,Consumer,North,Lucknow
C01745,31,Corporate,West,Mumbai
C01746,35,Consumer,East,Guwahati
C01747,41,Small Business,South,Bengaluru
C01748,37,Consumer,East,Guwahati
C01749,25,Small Business,East,Kolkata
C01750,39,Consumer,East,Guwahati
C01751,46,Corporate,North,Delhi
C01752,41,Consumer,East,Kolkata
C01753,20,Consumer,West,Nashik
C01754,37,Consumer,East,Kolkata
C01755,21,Consumer,West,Pune
C01756,29,Consumer,North,Jaipur
C01757,35,Consumer,East,Patna
C01758,34,Consumer,North,Delhi
C01759,41,Consumer,South,Mysuru
C01760,46,Consumer,North,Chandigarh
C01761,36,Small Business,North,Chandigarh
C01762,28,Consumer,West,Pune
C01763,18,Consumer,South,Bengaluru
C01764,43,Consumer,North,Lucknow
C01765,31,Consumer,North,Lucknow
C01766,31,Consumer,West,Pune
C01767,32,Consumer,South,Mysuru
C01768,35,Corporate,South,Mysuru
C01769,36,Consumer,West,Ahmedabad
C01770,29,Consumer,South,Hyderabad
C01771,31,Small Business,West,Nashik
C01772,26,Small Business,South,Mysuru
C01773,25,Small Business,South,Chennai
C01774,25,Small Business,West,Nashik
C01775,31,Consumer,West,Pune
C01776,23,Small Business,East,Guwahati
C01777,18,Consumer,South,Mysuru
C01778,28,Consumer,West,Pune
C01779,20,Consumer,East,Guwahati
C01780,32,Small Business,South,Hyderabad
C01781,26,Consumer,South,Bengaluru
C01782,36,Consumer,East,Patna
C01783,21,Corporate,East,Guwahati
C01784,18,Consumer,South,Chennai
C01785,31,Corporate,East,Patna
C01786,28,Consumer,North,Chandigarh
C01787,20,Small Business,South,Hyderabad
C01788,38,Small Business,East,Patna
C01789,22,Consumer,North,Jaipur
C01790,25,Consumer,South,Hyderabad
C01791,40,Corporate,North,Lucknow
C01792,36,Small Business,South,Hyderabad
C01793,22,Corporate,North,Delhi
C01794,29,Consumer,North,Chandigarh
C01795,21,Consumer,East,Patna
C01796,40,Small Business,East,Kolkata
C01797,40,Small Business,West,Pune
C01798,48,Consumer,East,Bhubaneswar
C01799,52,Consumer,West,Pune
C01800,26,Consumer,South,Chennai
C01801,38,Small Business,South,Chennai
C01802,18,Consumer,North,Jaipur
C01803,33,Small Business,West,Ahmedabad
C01804,35,Consumer,South,Bengaluru
C01805,23,Corporate,North,Chandigarh
C01806,25,Consumer,West,Mumbai
C01807,40,Consumer,East,Bhubaneswar
C01808,36,Corporate,North,Delhi
C01809,47,Corporate,East,Guwahati
C01810,45,Consumer,East,Patna
C01811,18,Corporate,West,Pune
C01812,27,Consumer,North,Jaipur
C01813,22,Corporate,East,Bhubaneswar
C01814,38,Corporate,North,Jaipur
C01815,34,Small Business,South,Chennai
C01816,23,Consumer,East,Bhubaneswar
C01817,24,Consumer,West,Mumbai
C01818,43,Small Business,South,Bengaluru
C01819,28,Consumer,East,Kolkata
C01820,18,Consumer,East,Patna
C01821,22,Consumer,North,Jaipur
C01822,49,Consumer,South,Chennai
C01823,41,Small Business,West,Ahmedabad
C01824,20,Consumer,East,Bhubaneswar
C01825,33,Consumer,West,Mumbai
C01826,40,Consumer,North,Delhi
C01827,18,Small Business,North,Chandigarh
C01828,41,Consumer,North,Delhi
C01829,35,Consumer,North,Jaipur
C01830,25,Consumer,South,Bengaluru
C01831,37,Corporate,South,Mysuru
C01832,34,Corporate,East,Kolkata
C01833,35,Consumer,North,Jaipur
C01834,33,Consumer,South,Chennai
C01835,24,Corporate,North,Lucknow
C01836,25,Corporate,North,Jaipur
C01837,29,Corporate,East,Kolkata
C01838,32,Consumer,West,Ahmedabad
C01839,37,Consumer,East,Bhubaneswar
C01840,49,Consumer,South,Bengaluru
C01841,34,Consumer,North,Chandigarh
C01842,37,Consumer,West,Nashik
C01843,39,Consumer,North,Lucknow
C01844,38,Consumer,West,Ahmedabad
C01845,23,Consumer,East,Guwahati
C01846,44,Consumer,West,Ahmedabad
C01847,42,Small Business,South,Chennai
C01848,33,Consumer,West,Pune
C01849,24,Consumer,South,Bengaluru
C01850,32,Consumer,West,Mumbai
C01851,18,Consumer,South,Mysuru
C01852,45,Consumer,West,Mumbai
C01853,26,Consumer,East,Kolkata
C01854,29,Small Business,South,Bengaluru
C01855,44,Small Business,East,Patna
C01856,18,Small Business,West,Pune
C01857,43,Consumer,West,Pune
C01858,35,Consumer,South,Chennai
C01859,47,Corporate,West,Mumbai
C01860,23,Consumer,North,Chandigarh
C01861,35,Consumer,East,Guwahati
C01862,23,Consumer,East,Guwahati
C01863,41,Corporate,North,Delhi
C01864,41,Small Business,East,Kolkata
C01865,47,Consumer,West,Pune
C01866,31,Consumer,West,Pune
C01867,50,Small Business,North,Delhi
C01868,22,Consumer,North,Lucknow
C01869,31,Consumer,West,Ahmedabad
C01870,23,Consumer,East,Guwahati
C01871,33,Consumer,East,Kolkata
C01872,23,Consumer,East,Bhubaneswar
C01873,41,Consumer,South,Hyderabad
C01874,36,Consumer,East,Patna
C01875,22,Consumer,South,Chennai
C01876,39,Consumer,North,Delhi
C01877,46,Consumer,South,Bengaluru
C01878,37,Corporate,West,Pune
C01879,19,Corporate,East,Kolkata
C01880,30,Consumer,North,Jaipur
C01881,38,Consumer,North,Jaipur
C01882,29,Consumer,East,Bhubaneswar
C01883,22,Corporate,South,Hyderabad
C01884,43,Consumer,South,Chennai
C01885,29,Consumer,South,Bengaluru
C01886,46,Small Business,South,Bengaluru
C01887,27,Consumer,East,Kolkata
C01888,28,Small Business,North,Delhi
C01889,26,Consumer,North,Delhi
C01890,30,Consumer,South,Mysuru
C01891,36,Small Business,North,Lucknow
C01892,23,Consumer,South,Hyderabad
C01893,21,Consumer,West,Ahmedabad
C01894,18,Small Business,West,Mumbai
C01895,18,Corporate,North,Chandigarh
C01896,19,Consumer,East,Patna
C01897,27,Small Business,North,Jaipur
C01898,33,Small Business,North,Lucknow
C01899,35,Consumer,East,Bhubaneswar
C01900,33,Consumer,West,Ahmedabad
C01901,45,Consumer,South,Hyderabad
C01902,48,Consumer,East,Patna
C01903,29,Consumer,North,Jaipur
C01904,23,Corporate,North,Chandigarh
C01905,51,Small Business,East,Guwahati
C01906,42,Consumer,North,Lucknow
C01907,41,Consumer,East,Kolkata
C01908,26,Consumer,South,Bengaluru
C01909,39,Consumer,North,Jaipur
C01910,33,Consumer,South,Chennai
C01911,31,Consumer,West,Pune
C01912,31,Consumer,West,Pune
C01913,36,Small Business,East,Bhubaneswar
C01914,45,Consumer,West,Ahmedabad
C01915,52,Small Business,East,Bhubaneswar
C01916,28,Corporate,North,Chandigarh
C01917,33,Consumer,South,Chennai
C01918,31,Small Business,South,Mysuru
C01919,35,Consumer,West,Nashik
C01920,18,Small Business,North,Delhi
C01921,29,Small Business,South,Hyderabad
C01922,50,Small Business,South,Mysuru
C01923,25,Consumer,South,Hyderabad
C01924,28,Corporate,South,Mysuru
C01925,27,Consumer,North,Delhi
C01926,30,Small Business,South,Mysuru
C01927,20,Consumer,South,Bengaluru
C01928,27,Consumer,North,Lucknow
C01929,35,Consumer,South,Bengaluru
C01930,35,Consumer,South,Chennai
C01931,34,Small Business,East,Guwahati
C01932,44,Corporate,East,Kolkata
C01933,36,Consumer,West,Ahmedabad
C01934,44,Small Business,West,Ahmedabad
C01935,52,Consumer,North,Jaipur
C01936,40,Corporate,East,Guwahati
C01937,20,Consumer,North,Delhi
C01938,34,Consumer,North,Chandigarh
C01939,33,Consumer,South,Mysuru
C01940,46,Corporate,North,Lucknow
C01941,30,Consumer,East,Guwahati
C01942,24,Consumer,West,Mumbai
C01943,27,Consumer,East,Bhubaneswar
C01944,20,Consumer,South,Bengaluru
C01945,18,Consumer,North,Jaipur
C01946,50,Small Business,South,Hyderabad
C01947,32,Consumer,South,Chennai
C01948,21,Consumer,West,Mumbai
C01949,47,Small Business,East,Patna
C01950,49,Consumer,West,Nashik
C01951,33,Corporate,East,Guwahati
C01952,19,Consumer,South,Hyderabad
C01953,27,Consumer,East,Kolkata
C01954,30,Consumer,South,Bengaluru
C01955,32,Consumer,South,Hyderabad
C01956,22,Consumer,South,Bengaluru
C01957,40,Consumer,South,Bengaluru
C01958,18,Consumer,South,Chennai
C01959,42,Consumer,South,Mysuru
C01960,44,Consumer,West,Ahmedabad
C01961,28,Consumer,West,Mumbai
C01962,31,Consumer,East,Guwahati
C01963,45,Consumer,East,Bhubaneswar
C01964,37,Consumer,South,Mysuru
C01965,29,Consumer,South,Hyderabad
C01966,30,Corporate,North,Jaipur
C01967,36,Consumer,North,Chandigarh
C01968,49,Small Business,West,Mumbai
C01969,30,Consumer,East,Guwahati
C01970,28,Corporate,South,Bengaluru
C01971,32,Consumer,West,Mumbai
C01972,32,Consumer,East,Bhubaneswar
C01973,34,Consumer,West,Mumbai
C01974,31,Corporate,East,Kolkata
C01975,42,Consumer,West,Pune
C01976,24,Consumer,East,Bhubaneswar
C01977,35,Small Business,West,Nashik
C01978,36,Consumer,East,Patna
C01979,24,Consumer,West,Nashik
C01980,35,Consumer,South,Mysuru
C01981,36,Small Business,East,Patna
C01982,18,Consumer,West,Nashik
C01983,23,Consumer,South,Chennai
C01984,46,Consumer,East,Bhubaneswar
C01985,26,Corporate,West,Ahmedabad
C01986,21,Consumer,East,Patna
C01987,18,Consumer,South,Bengaluru
C01988,22,Consumer,West,Pune
C01989,31,Consumer,West,Nashik
C01990,20,Consumer,South,Chennai
C01991,38,Consumer,East,Patna
C01992,24,Consumer,West,Mumbai
C01993,34,Consumer,East,Patna
C01994,45,Corporate,North,Chandigarh
C01995,44,Corporate,North,Lucknow
C01996,34,Consumer,East,Bhubaneswar
C01997,21,Consumer,East,Guwahati
C01998,31,Consumer,South,Chennai
C01999,35,Consumer,East,Patna
C02000,54,Consumer,North,Lucknow
C02001,18,Corporate,East,Bhubaneswar
C02002,31,Consumer,West,Mumbai
C02003,37,Consumer,East,Bhubaneswar
C02004,33,Consumer,West,Mumbai
C02005,34,Consumer,East,Patna
C02006,25,Consumer,West,Mumbai
C02007,40,Consumer,East,Kolkata
C02008,32,Consumer,West,Mumbai
C02009,34,Small Business,East,Guwahati
C02010,41,Consumer,West,Pune
C02011,29,Corporate,North,Jaipur
C02012,43,Small Business,North,Delhi
C02013,20,Consumer,West,Nashik
C02014,34,Consumer,East,Patna
C02015,24,Consumer,West,Mumbai
C02016,22,Consumer,East,Guwahati
C02017,49,Consumer,West,Mumbai
C02018,20,Consumer,North,Jaipur
C02019,32,Consumer,West,Mumbai
C02020,20,Consumer,South,Bengaluru
C02021,43,Consumer,North,Jaipur
C02022,28,Corporate,West,Mumbai
C02023,41,Small Business,West,Ahmedabad
C02024,37,Consumer,East,Patna
C02025,52,Corporate,East,Guwahati
C02026,18,Corporate,South,Bengaluru
C02027,23,Small Business,West,Pune
C02028,41,Consumer,North,Lucknow
C02029,35,Consumer,North,Lucknow
C02030,29,Consumer,South,Hyderabad
C02031,50,Consumer,East,Guwahati
C02032,32,Corporate,West,Ahmedabad
C02033,24,Consumer,South,Mysuru
C02034,41,Consumer,West,Pune
C02035,32,Small Business,North,Lucknow
C02036,33,Consumer,West,Ahmedabad
C02037,38,Corporate,North,Chandigarh
C02038,38,Small Business,East,Guwahati
C02039,23,Corporate,South,Chennai
C02040,29,Corporate,East,Guwahati
C02041,19,Consumer,West,Nashik
C02042,35,Consumer,West,Ahmedabad
C02043,49,Corporate,West,Nashik
C02044,23,Consumer,South,Hyderabad
C02045,18,Consumer,North,Chandigarh
C02046,26,Corporate,North,Delhi
C02047,29,Corporate,North,Jaipur
C02048,38,Small Business,North,Delhi
C02049,28,Small Business,East,Patna
C02050,35,Consumer,West,Mumbai
C02051,27,Consumer,East,Patna
C02052,30,Consumer,North,Jaipur
C02053,24,Small Business,North,Jaipur
C02054,21,Small Business,South,Mysuru
C02055,39,Small Business,South,Hyderabad
C02056,28,Corporate,South,Chennai
C02057,36,Small Business,South,Hyderabad
C02058,24,Corporate,South,Hyderabad
C02059,32,Corporate,North,Jaipur
C02060,18,Consumer,West,Pune
C02061,28,Small Business,West,Nashik
C02062,25,Small Business,West,Pune
C02063,42,Corporate,East,Patna
C02064,20,Small Business,North,Chandigarh
C02065,30,Small Business,North,Chandigarh
C02066,35,Consumer,South,Chennai
C02067,41,Corporate,East,Bhubaneswar
C02068,39,Consumer,South,Bengaluru
C02069,31,Consumer,East,Guwahati
C02070,32,Corporate,West,Ahmedabad
C02071,42,Consumer,East,Bhubaneswar
C02072,31,Consumer,East,Kolkata
C02073,33,Consumer,East,Patna
C02074,43,Corporate,West,Pune
C02075,54,Consumer,South,Mysuru
C02076,34,Small Business,West,Ahmedabad
C02077,36,Consumer,North,Lucknow
C02078,39,Small Business,South,Chennai
C02079,42,Consumer,South,Chennai
C02080,41,Small Business,East,Patna
C02081,26,Consumer,North,Jaipur
C02082,34,Small Business,East,Guwahati
C02083,41,Consumer,South,Mysuru
C02084,45,Consumer,North,Lucknow
C02085,30,Corporate,East,Patna
C02086,34,Consumer,East,Bhubaneswar
C02087,35,Consumer,South,Hyderabad
C02088,32,Consumer,West,Ahmedabad
C02089,34,Consumer,South,Mysuru
C02090,18,Small Business,East,Bhubaneswar
C02091,61,Consumer,South,Hyderabad
C02092,52,Small Business,East,Kolkata
C02093,30,Corporate,South,Mysuru
C02094,31,Consumer,East,Bhubaneswar
C02095,18,Corporate,North,Chandigarh
C02096,18,Consumer,North,Lucknow
C02097,36,Consumer,West,Nashik
C02098,41,Consumer,West,Mumbai
C02099,39,Consumer,West,Mumbai
C02100,24,Consumer,North,Chandigarh
C02101,39,Consumer,West,Nashik
C02102,30,Consumer,North,Lucknow
C02103,28,Consumer,North,Lucknow
C02104,19,Consumer,North,Lucknow
C02105,25,Consumer,West,Nashik
C02106,36,Consumer,West,Ahmedabad
C02107,34,Consumer,South,Hyderabad
C02108,33,Consumer,North,Lucknow
C02109,18,Consumer,North,Chandigarh
C02110,33,Corporate,East,Kolkata
C02111,26,Consumer,East,Patna
C02112,34,Small Business,East,Bhubaneswar
C02113,43,Consumer,South,Chennai
C02114,27,Consumer,East,Guwahati
C02115,32,Small Business,West,Pune
C02116,50,Small Business,South,Chennai
C02117,34,Consumer,South,Chennai
C02118,31,Small Business,North,Lucknow
C02119,24,Consumer,North,Chandigarh
C02120,39,Small Business,North,Chandigarh
C02121,23,Consumer,North,Chandigarh
C02122,43,Consumer,East,Bhubaneswar
C02123,37,Consumer,South,Bengaluru
C02124,27,Small Business,South,Hyderabad
C02125,24,Consumer,North,Delhi
C02126,25,Consumer,South,Hyderabad
C02127,18,Consumer,East,Kolkata
C02128,36,Consumer,West,Pune
C02129,18,Consumer,East,Kolkata
C02130,31,Small Business,West,Nashik
C02131,30,Consumer,West,Pune
C02132,29,Consumer,North,Jaipur
C02133,36,Consumer,West,Nashik
C02134,27,Corporate,North,Jaipur
C02135,33,Consumer,South,Chennai
C02136,43,Small Business,East,Bhubaneswar
C02137,37,Consumer,South,Hyderabad
C02138,28,Small Business,West,Pune
C02139,32,Corporate,North,Lucknow
C02140,29,Small Business,East,Guwahati
C02141,30,Consumer,North,Chandigarh
C02142,33,Consumer,South,Hyderabad
C02143,19,Consumer,East,Guwahati
C02144,18,Consumer,North,Lucknow
C02145,23,Consumer,East,Bhubaneswar
C02146,36,Consumer,West,Nashik
C02147,37,Corporate,North,Lucknow
C02148,39,Consumer,East,Patna
C02149,24,Consumer,South,Chennai
C02150,32,Consumer,West,Pune
C02151,28,Consumer,South,Chennai
C02152,30,Consumer,North,Chandigarh
C02153,28,Small Business,West,Nashik
C02154,34,Consumer,East,Patna
C02155,25,Corporate,West,Nashik
C02156,42,Consumer,North,Jaipur
C02157,42,Consumer,West,Ahmedabad
C02158,36,Consumer,South,Mysuru
C02159,41,Consumer,East,Guwahati
C02160,19,Consumer,South,Hyderabad
C02161,43,Consumer,East,Guwahati
C02162,35,Consumer,South,Chennai
C02163,26,Consumer,West,Nashik
C02164,25,Corporate,South,Chennai
C02165,46,Consumer,North,Lucknow
C02166,39,Small Business,East,Bhubaneswar
C02167,30,Small Business,West,Mumbai
C02168,19,Consumer,South,Chennai
C02169,43,Consumer,West,Nashik
C02170,22,Corporate,East,Patna
C02171,28,Consumer,East,Bhubaneswar
C02172,30,Consumer,North,Delhi
C02173,25,Consumer,South,Bengaluru
C02174,30,Consumer,West,Mumbai
C02175,31,Consumer,West,Ahmedabad
C02176,30,Consumer,North,Jaipur
C02177,34,Small Business,East,Kolkata
C02178,46,Consumer,South,Bengaluru
C02179,19,Consumer,South,Bengaluru
C02180,33,Small Business,East,Bhubaneswar
C02181,22,Corporate,North,Chandigarh
C02182,18,Consumer,North,Chandigarh
C02183,40,Consumer,North,Chandigarh
C02184,34,Consumer,West,Ahmedabad
C02185,18,Corporate,West,Mumbai
C02186,30,Small Business,West,Ahmedabad
C02187,18,Small Business,East,Kolkata
C02188,23,Consumer,East,Bhubaneswar
C02189,18,Small Business,South,Chennai
C02190,30,Consumer,East,Kolkata
C02191,38,Consumer,West,Mumbai
C02192,37,Consumer,East,Guwahati
C02193,28,Corporate,South,Bengaluru
C02194,41,Small Business,South,Mysuru
C02195,44,Small Business,West,Mumbai
C02196,38,Small Business,East,Guwahati
C02197,26,Consumer,North,Lucknow
C02198,30,Corporate,South,Bengaluru
C02199,46,Consumer,West,Ahmedabad
C02200,29,Corporate,East,Patna
C02201,37,Consumer,South,Chennai
C02202,25,Consumer,West,Mumbai
C02203,41,Consumer,West,Mumbai
C02204,24,Consumer,East,Patna
C02205,31,Consumer,West,Mumbai
C02206,36,Small Business,North,Delhi
C02207,48,Consumer,East,Bhubaneswar
C02208,34,Consumer,West,Pune
C02209,29,Consumer,East,Bhubaneswar
C02210,28,Consumer,North,Delhi
C02211,40,Consumer,South,Hyderabad
C02212,36,Consumer,East,Kolkata
C02213,38,Corporate,North,Delhi
C02214,45,Corporate,West,Ahmedabad
C02215,32,Consumer,South,Bengaluru
C02216,35,Corporate,South,Mysuru
C02217,28,Small Business,South,Chennai
C02218,25,Consumer,North,Chandigarh
C02219,26,Small Business,South,Bengaluru
C02220,18,Consumer,East,Patna
C02221,36,Consumer,South,Chennai
C02222,35,Consumer,West,Nashik
C02223,36,Consumer,East,Patna
C02224,24,Corporate,East,Bhubaneswar
C02225,26,Consumer,South,Chennai
C02226,26,Consumer,North,Chandigarh
C02227,42,Corporate,North,Jaipur
C02228,33,Consumer,West,Mumbai
C02229,32,Consumer,East,Patna
C02230,38,Consumer,North,Lucknow
C02231,26,Consumer,East,Kolkata
C02232,35,Consumer,East,Bhubaneswar
C02233,50,Consumer,West,Ahmedabad
C02234,43,Consumer,South,Chennai
C02235,35,Corporate,West,Nashik
C02236,32,Small Business,South,Mysuru
C02237,36,Consumer,South,Chennai
C02238,45,Corporate,North,Chandigarh
C02239,44,Consumer,North,Delhi
C02240,46,Consumer,West,Pune
C02241,34,Consumer,West,Mumbai
C02242,18,Small Business,South,Bengaluru
C02243,49,Consumer,South,Bengaluru
C02244,25,Consumer,East,Bhubaneswar
C02245,18,Small Business,West,Pune
C02246,38,Small Business,East,Guwahati
C02247,18,Corporate,North,Delhi
C02248,32,Consumer,North,Jaipur
C02249,18,Small Business,West,Pune
C02250,29,Consumer,South,Mysuru
C02251,46,Consumer,West,Nashik
C02252,35,Consumer,West,Ahmedabad
C02253,32,Consumer,East,Patna
C02254,36,Consumer,West,Ahmedabad
C02255,18,Consumer,West,Pune
C02256,26,Consumer,North,Delhi
C02257,27,Consumer,South,Bengaluru
C02258,37,Consumer,West,Mumbai
C02259,23,Consumer,East,Bhubaneswar
C02260,33,Consumer,South,Hyderabad
C02261,31,Small Business,South,Mysuru
C02262,26,Consumer,West,Ahmedabad
C02263,27,Consumer,East,Guwahati
C02264,31,Consumer,West,Mumbai
C02265,18,Consumer,South,Mysuru
C02266,39,Consumer,North,Jaipur
C02267,24,Corporate,East,Patna
C02268,29,Small Business,North,Lucknow
C02269,46,Consumer,North,Chandigarh
C02270,39,Corporate,East,Patna
C02271,21,Corporate,South,Hyderabad
C02272,18,Consumer,East,Patna
C02273,36,Consumer,North,Chandigarh
C02274,30,Consumer,East,Guwahati
C02275,33,Consumer,West,Pune
C02276,38,Consumer,North,Delhi
C02277,40,Consumer,South,Chennai
C02278,28,Consumer,West,Ahmedabad
C02279,31,Consumer,South,Hyderabad
C02280,35,Consumer,North,Delhi
C02281,36,Consumer,North,Jaipur
C02282,33,Consumer,West,Pune
C02283,45,Consumer,East,Patna
C02284,36,Small Business,South,Hyderabad
C02285,38,Corporate,North,Lucknow
C02286,34,Consumer,South,Hyderabad
C02287,23,Small Business,North,Lucknow
C02288,26,Corporate,West,Nashik
C02289,21,Consumer,South,Bengaluru
C02290,41,Corporate,North,Chandigarh
C02291,18,Consumer,South,Mysuru
C02292,30,Consumer,West,Ahmedabad
C02293,28,Consumer,West,Nashik
C02294,18,Small Business,West,Pune
C02295,28,Consumer,North,Lucknow
C02296,29,Corporate,East,Guwahati
C02297,47,Consumer,West,Mumbai
C02298,18,Consumer,West,Nashik
C02299,43,Small Business,West,Ahmedabad
C02300,29,Consumer,West,Ahmedabad
C02301,39,Consumer,South,Chennai
C02302,32,Small Business,South,Hyderabad
C02303,22,Small Business,West,Nashik
C02304,44,Consumer,East,Kolkata
C02305,43,Corporate,South,Mysuru
C02306,22,Small Business,North,Chandigarh
C02307,37,Corporate,South,Hyderabad
C02308,26,Consumer,North,Delhi
C02309,18,Consumer,East,Kolkata
C02310,24,Small Business,East,Patna
C02311,44,Small Business,West,Nashik
C02312,39,Consumer,East,Bhubaneswar
C02313,29,Small Business,South,Mysuru
C02314,44,Consumer,South,Mysuru
C02315,42,Consumer,East,Bhubaneswar
C02316,25,Consumer,South,Hyderabad
C02317,46,Consumer,West,Ahmedabad
C02318,28,Consumer,East,Patna
C02319,29,Consumer,West,Pune
C02320,18,Consumer,East,Guwahati
C02321,26,Consumer,North,Lucknow
C02322,30,Small Business,South,Chennai
C02323,34,Corporate,North,Delhi
C02324,22,Consumer,North,Jaipur
C02325,25,Consumer,North,Chandigarh
C02326,46,Consumer,South,Mysuru
C02327,41,Consumer,West,Mumbai
C02328,43,Consumer,South,Chennai
C02329,31,Consumer,South,Bengaluru
C02330,35,Small Business,West,Pune
C02331,37,Corporate,South,Hyderabad
C02332,46,Small Business,North,Delhi
C02333,18,Consumer,North,Delhi
C02334,18,Small Business,North,Chandigarh
C02335,27,Small Business,East,Kolkata
C02336,34,Consumer,North,Jaipur
C02337,32,Consumer,South,Hyderabad
C02338,25,Small Business,North,Chandigarh
C02339,36,Consumer,South,Bengaluru
C02340,27,Consumer,East,Kolkata
C02341,32,Consumer,North,Jaipur
C02342,36,Consumer,West,Ahmedabad
C02343,28,Consumer,South,Chennai
C02344,39,Consumer,West,Nashik
C02345,40,Consumer,West,Pune
C02346,25,Consumer,East,Patna
C02347,27,Small Business,North,Delhi
C02348,23,Consumer,West,Ahmedabad
C02349,31,Consumer,East,Bhubaneswar
C02350,34,Small Business,East,Kolkata
C02351,48,Small Business,North,Chandigarh
C02352,28,Consumer,West,Mumbai
C02353,34,Consumer,South,Mysuru
C02354,27,Consumer,West,Pune
C02355,27,Consumer,South,Chennai
C02356,35,Consumer,North,Chandigarh
C02357,28,Corporate,East,Bhubaneswar
C02358,31,Consumer,West,Ahmedabad
C02359,35,Consumer,North,Lucknow
C02360,34,Consumer,North,Jaipur
C02361,18,Small Business,North,Delhi
C02362,27,Small Business,North,Chandigarh
C02363,41,Small Business,West,Ahmedabad
C02364,18,Small Business,South,Hyderabad
C02365,18,Consumer,North,Chandigarh
C02366,37,Small Business,South,Bengaluru
C02367,34,Consumer,East,Bhubaneswar
C02368,22,Consumer,East,Bhubaneswar
C02369,32,Consumer,South,Mysuru
C02370,26,Consumer,North,Lucknow
C02371,36,Consumer,East,Bhubaneswar
C02372,18,Consumer,South,Hyderabad
C02373,29,Small Business,South,Hyderabad
C02374,27,Small Business,North,Jaipur
C02375,39,Small Business,East,Bhubaneswar
C02376,18,Consumer,South,Chennai
C02377,32,Consumer,West,Pune
C02378,37,Consumer,South,Chennai
C02379,48,Corporate,South,Bengaluru
C02380,27,Small Business,North,Chandigarh
C02381,34,Consumer,East,Patna
C02382,18,Consumer,East,Patna
C02383,31,Consumer,South,Hyderabad
C02384,42,Consumer,West,Mumbai
C02385,48,Consumer,South,Bengaluru
C02386,35,Small Business,North,Jaipur
C02387,18,Corporate,South,Hyderabad
C02388,44,Consumer,West,Ahmedabad
C02389,18,Consumer,West,Nashik
C02390,21,Corporate,South,Mysuru
C02391,45,Consumer,North,Jaipur
C02392,31,Consumer,East,Guwahati
C02393,26,Consumer,East,Bhubaneswar
C02394,38,Consumer,South,Hyderabad
C02395,33,Consumer,South,Bengaluru
C02396,51,Small Business,East,Kolkata
C02397,41,Consumer,North,Chandigarh
C02398,33,Consumer,South,Hyderabad
C02399,34,Corporate,South,Bengaluru
C02400,41,Consumer,South,Mysuru
C02401,31,Consumer,East,Patna
C02402,24,Small Business,East,Bhubaneswar
C02403,38,Small Business,East,Guwahati
C02404,29,Consumer,West,Nashik
C02405,34,Corporate,North,Chandigarh
C02406,18,Consumer,West,Pune
C02407,30,Consumer,East,Guwahati
C02408,27,Consumer,West,Mumbai
C02409,18,Consumer,East,Kolkata
C02410,31,Consumer,East,Kolkata
C02411,31,Consumer,South,Chennai
C02412,35,Consumer,East,Guwahati
C02413,42,Consumer,North,Lucknow
C02414,40,Consumer,East,Bhubaneswar
C02415,27,Consumer,East,Patna
C02416,33,Corporate,West,Mumbai
C02417,36,Consumer,East,Guwahati
C02418,28,Small Business,West,Pune
C02419,18,Consumer,South,Hyderabad
C02420,30,Small Business,East,Guwahati
C02421,42,Consumer,North,Chandigarh
C02422,18,Consumer,West,Mumbai
C02423,23,Consumer,East,Bhubaneswar
C02424,24,Consumer,East,Kolkata
C02425,23,Consumer,North,Lucknow
C02426,38,Consumer,South,Bengaluru
C02427,26,Consumer,West,Pune
C02428,38,Consumer,East,Patna
C02429,32,Corporate,West,Nashik
C02430,18,Small Business,South,Mysuru
C02431,28,Corporate,East,Kolkata
C02432,41,Consumer,South,Chennai
C02433,33,Consumer,South,Hyderabad
C02434,28,Consumer,South,Hyderabad
C02435,42,Corporate,West,Nashik
C02436,22,Consumer,North,Lucknow
C02437,26,Consumer,East,Patna
C02438,40,Corporate,South,Bengaluru
C02439,38,Consumer,South,Hyderabad
C02440,21,Small Business,West,Ahmedabad
C02441,36,Consumer,West,Nashik
C02442,26,Consumer,East,Guwahati
C02443,18,Consumer,West,Nashik
C02444,29,Small Business,South,Hyderabad
C02445,49,Consumer,East,Guwahati
C02446,41,Consumer,East,Guwahati
C02447,31,Consumer,West,Pune
C02448,18,Consumer,South,Chennai
C02449,18,Consumer,South,Bengaluru
C02450,32,Consumer,South,Hyderabad
C02451,35,Consumer,West,Ahmedabad
C02452,38,Corporate,West,Mumbai
C02453,37,Consumer,West,Ahmedabad
C02454,38,Corporate,North,Delhi
C02455,34,Corporate,West,Pune
C02456,42,Consumer,East,Bhubaneswar
C02457,27,Corporate,South,Chennai
C02458,32,Consumer,South,Mysuru
C02459,18,Consumer,North,Delhi
C02460,27,Consumer,West,Ahmedabad
C02461,40,Consumer,North,Lucknow
C02462,37,Consumer,East,Kolkata
C02463,18,Consumer,East,Kolkata
C02464,50,Corporate,North,Chandigarh
C02465,33,Corporate,South,Bengaluru
C02466,33,Consumer,North,Lucknow
C02467,26,Consumer,East,Bhubaneswar
C02468,28,Consumer,South,Bengaluru
C02469,33,Small Business,West,Pune
C02470,37,Corporate,East,Patna
C02471,34,Consumer,East,Patna
C02472,27,Corporate,North,Lucknow
C02473,23,Small Business,South,Mysuru
C02474,23,Consumer,East,Guwahati
C02475,41,Small Business,South,Hyderabad
C02476,40,Small Business,North,Jaipur
C02477,36,Corporate,West,Pune
C02478,41,Consumer,West,Nashik
C02479,30,Consumer,West,Mumbai
C02480,39,Consumer,East,Guwahati
C02481,36,Consumer,West,Ahmedabad
C02482,39,Consumer,North,Jaipur
C02483,22,Small Business,West,Mumbai
C02484,18,Corporate,North,Lucknow
C02485,34,Consumer,West,Ahmedabad
C02486,18,Small Business,North,Lucknow
C02487,28,Consumer,West,Pune
C02488,18,Corporate,North,Lucknow
C02489,43,Consumer,East,Kolkata
C02490,40,Consumer,South,Hyderabad
C02491,35,Consumer,North,Lucknow
C02492,24,Consumer,East,Guwahati
C02493,18,Consumer,West,Mumbai
C02494,18,Corporate,East,Bhubaneswar
C02495,27,Consumer,East,Patna
C02496,38,Small Business,East,Guwahati
C02497,28,Consumer,West,Ahmedabad
C02498,36,Consumer,North,Delhi
C02499,36,Consumer,South,Chennai
C02500,38,Small Business,North,Delhi
